id,name,email,tax_id,address,country,zip,load_date
1345,Karen Moore,karen.moore@mail.com,TAX-608714,6287 Main St,UK,53619,
1345,Karen Moore,karen.moore@mail.com,???,6287 Main St,UK,53619,0000-00-00
1345,Karen Moore,,TAX-608714,6287 Main St,UK,53619,not-a-date
1345,Karen Moore,karen.moore@mail.com,TAX-608714,6287 Main St,UK,53619,2026-04-21
1345,,not-an-email,0000000000,6287 Main St,UK,53619,20260301
25,Charles Gonzalez,not-an-email,TAX-680556,3982 Oak Ave,,24900,0000-00-00
103,Björn Thomas,björn.thomas@mail.com,TAX-877485,5912 Main St,FR,13239,2026-05-13
103,Björn Thomas,björn.thomas@mail.com,TAX-877485,5912 Main St,FR,13239,
103,Björn Thomas,björn.thomas@mail.com,TAX-877485,5912 Main St,FR,13239,20260505
103,Björn Thomas,björn.thomas@,,5912 Main St,FR,13239,not-a-date
103,Björn Thomas,,TAX-877485,5912 Main St,FR,13239,20260217
103,Björn Thomas,@example.com,TAX-877485,5912 Main St,FR,13239,01/13/2026
103,Björn Thomas,björn.thomas@mail.com,???,5912 Main St,FR,13239,not-a-date
103,Björn Thomas,björn.thomas@mail.com,TAX-877485,5912 Main St,,13239,20260501
694,André-Hernandez,andré.hernandez@example.com,0000000000,4874 Main St,FR,42396,not-a-date
694,André Hernandez,andré.hernandez@example.com,TAX-656714,4874 Main St,FR,42396,20260309
756,Charles Moore,charles.moore@globex.co,TAX-465910,5571 Main St,de,29042,20260118
671,Björn Miller,,TAX-532528,6218 Oak Ave,DE,44673,02/23/2026
671,Björn Miller,björn.miller@mail.com,N/A,6218 Oak Ave, FR,44673,20260426
815,André Brown,andré.brown@mail.com,TAX-125831,594 Oak Ave,XX,61974,20260111
815,André Brown,andré.brown@mail.com,???,594 Oak Ave,DE,61974,20260609
815,André Brown,andré.brown@mail.com,TAX-125831,594 Oak Ave,DE,61974,
815,André Brown,,TAX-125831,594 Oak Ave,DE,61974,02/12/2026
815,André Brown,andré.brown@mail.com,,594 Oak Ave, UK,61974,05/04/2026
815,André Brown,andré.brown@mail.com,TAX-125831,594 Oak Ave,XX,61974,2026-02-08
815,André Brown,andré.brown@mail.com,TAX-125831,594 Oak Ave,DE,61974,0000-00-00
815,André Brown,andré.brown@mail.com,,594 Oak Ave,DE,61974,07/03/2026
242,Patricia-Davis,patricia.davis@mail.com,TAX-281884,2935 Main St,DE,53666,
137,Nguyễn Wilson,nguyễn.wilson@globex.co,???,3007 Oak Ave,DE,59781,2026-05-20
552,Nguyễn Rodriguez,nguyễn.rodriguez@,TAX-967692,3892 Oak Ave,UK,45398,0000-00-00
552,,nguyễn.rodriguez@globex.co,N/A,3892 Oak Ave,,45398,20260306
552,Nguyễn Rodriguez,nguyễn.rodriguez@globex.co,TAX-967692,3892 Oak Ave,XX,45398,01/12/2026
552,Nguyễn-Rodriguez,nguyễn.rodriguez@@example.com,,3892 Oak Ave,,45398,0000-00-00
552,Nguyễn Rodriguez,nguyễn.rodriguez@globex.co,TAX-,3892 Oak Ave,UK,45398,20260613
552,,nguyễn.rodriguez@globex.co,,3892 Oak Ave, FR,45398,2026-01-22
552,  Nguyễn Rodriguez  ,nguyễn.rodriguez@globex.co,TAX-967692,3892 Oak Ave,XX,45398,20260727
552,Nguyễn Rodriguez,nguyễn.rodriguez@globex.co,TAX-967692,3892 Oak Ave,,45398,not-a-date
784,Linda N.,linda.nguyễn@globex.co,TAX-561003,3913 Oak Ave,XX,97948,13/45/2026
14,William Martin,,TAX-769332,6029 Main St,DE,90365,02/17/2026
909,Renée Rodriguez,renée.rodriguez@example.com,TAX-872521,1813 Main St,CA,34535,20260525
1169,Joseph Van Der Berg,joseph.van.der.berg@acme.com,???,6883 Main St,CA,57872,2026
1049,Müller Rodriguez,müller.rodriguez@example.com,???,1881 Main St,,27391,20260115
1049,Müller Rodriguez,müller.rodriguez@example.com,???,1881 Main St, CA,27391,20260302
1049,müller rodriguez,müller.rodriguez @example.com,TAX-563084,1881 Main St,XX,27391,06/04/2026
1265,Linda García,linda.garcía@example.com,0000000000,7030 Main St,BR,11862,
958,James Fürst,not-an-email,TAX-398184,7893 Oak Ave,FR,73882,2026
654,Karen Anderson,karen.anderson@globex.co,TAX-853460,9822 Oak Ave,IN,50562,20260421
1459,Mary G.,not-an-email,TAX-906791,3537 Oak Ave, BR,18990,
339,Elizabeth García,elizabeth.garcía@@example.com,TAX-819015,1302 Main St,BR,74547,2026
339,Elizabeth García,elizabeth.garcía@globex.co,???,1302 Main St,BR,74547,20260725
339,Elizabeth García,elizabeth.garcía@globex.co,TAX-819015,1302 Main St,,74547,20260117
339,Elizabeth García,elizabeth.garcía@globex.co,TAX-819015,1302 Main St,BR,74547,2026
339,Elizabeth García,elizabeth.garcía @example.com,TAX-819015,1302 Main St,BR,74547,06/09/2026
339,Elizabeth García,elizabeth.garcía @example.com,TAX-819015,1302 Main St,BR,74547,2026
339,Elizabeth García,elizabeth.garcía@globex.co,TAX-819015,1302 Main St,BR,74547,2026-01-24
339,E. García,elizabeth.garcía@globex.co,TAX-819015,1302 Main St,BR,74547,07/13/2026
597,Michael García,michael.garcía@@example.com,TAX-655124,2254 Oak Ave, AU,19321,
238,Mary Lopez,mary.lopez@mail.com,TAX-373348,7843 Oak Ave,UK,29687,2026-03-08
757,,,TAX-845129,2386 Oak Ave,,23942,06/22/2026
757,Jessica	Taylor,,TAX-845129,2386 Oak Ave,US,23942,2026-07-27
757,Jessica Taylor,jessica.taylor@mail.com,TAX-845129,2386 Oak Ave,,23942,03/28/2026
757,Jessica-Taylor,jessica.taylor@mail.com,TAX-845129,2386 Oak Ave,US,23942,
757,jessica taylor,jessica.taylor@mail.com,TAX-845129,2386 Oak Ave,US,23942,02/01/2026
1378,DAVID GARCIA,david.garcia@@example.com,,4949 Main St,DE,59752,2026-04-15
9,Björn Nguyễn,björn.nguyễn@example.com,TAX-422268,6436 Main St,UK,31763,not-a-date
980,José Davis,josé.davis@@example.com,TAX-324174,6559 Main St,FR,79684,2026-04-27
84,Linda Rodriguez,linda.rodriguez @example.com,TAX-337906,8774 Oak Ave,,52476,
84,Linda Rodriguez,,TAX-337906,8774 Oak Ave,AU,52476,04/21/2026
84,Linda Rodriguez,linda.rodriguez@mail.com,0000000000,8774 Oak Ave,,52476,04/15/2026
274,Jessica Garcia,jessica.garcia@globex.co,TAX-199118,1305 Main St,XX,37922,20260214
274,Jessica Garcia,jessica.garcia@globex.co,TAX-199118,1305 Main St,IN,37922,20260226
269,James T.,,TAX-586125,8370 Main St,DE,81426,20260606
1163,François Davis,@example.com,TAX-896169,4688 Oak Ave,,65828,not-a-date
1017,,,TAX-,9725 Oak Ave,FR,22449,2026-04-28
1017,Thomas Martinez,thomas.martinez@globex.co,TAX-319384,9725 Oak Ave,ca,22449,06/03/2026
1017,Thomas Martinez,thomas.martinez@globex.co,TAX-319384,9725 Oak Ave,,22449,not-a-date
1328,  Patricia Rodriguez  ,patricia.rodriguez @example.com,TAX-319589,9801 Oak Ave,BR,81508,2026-03-23
464,Søren	Smith,,???,579 Oak Ave,BR,54343,
921,Jessica Lopez,jessica.lopez@example.com,TAX-410323,5946 Main St,BR,64715,20260120
1455,David Miller,david.miller@globex.co,TAX-934947,5158 Main St,,68384,20260313
257,Richard Lopez,richard.lopez@mail.com,TAX-,8439 Main St, UK,58490,2026
245,David Garcia,david.garcia@example.com,N/A,1872 Main St,,92524,not-a-date
699,David Fürst,david.fürst@example.com,???,4237 Oak Ave,,86815,06/28/2026
1381,David Müller,david.müller@globex.co,,2591 Oak Ave,US,44949,13/45/2026
1068,José Thomas,josé.thomas@mail.com,TAX-474756,6533 Oak Ave,FR,82075,07/24/2026
635,Renée Øst,,0000000000,9321 Main St,CA,74734,13/45/2026
1066,James García,james.garcía@example.com,TAX-923240,7578 Main St,BR,94662,
691,David Taylor,,TAX-87170,6030 Main St,,11055,20260706
691,David Taylor,not-an-email,TAX-87170,6030 Main St,IN,11055,0000-00-00
784,Håkon Taylor,håkon.taylor@globex.co,TAX-100729,3786 Oak Ave,,65550,07/08/2026
1269,Renée Gonzalez,renée.gonzalez @example.com,TAX-,1915 Main St,,95686,02/14/2026
1269,Renée Gonzalez,renée.gonzalez@,TAX-942706,1915 Main St,FR,95686,2026-02-28
1269,Renée Gonzalez,renée.gonzalez@@example.com,TAX-942706,1915 Main St,,95686,01/26/2026
1269,Renée-Gonzalez,renée.gonzalez@mail.com,???,1915 Main St,FR,95686,2026
1269,R. Gonzalez,renée.gonzalez@mail.com,,1915 Main St,,95686,2026-01-13
1269,Renée Gonzalez,renée.gonzalez@mail.com,TAX-942706,1915 Main St,,95686,20260708
1269,Renée Gonzalez,renée.gonzalez@mail.com,TAX-942706,1915 Main St,FR,95686,07/13/2026
1269,Renée Gonzalez,,,1915 Main St,FR,95686,20260627
982,Patricia Williams,patricia.williams@example.com,N/A,108 Main St,DE,81547,2026-07-08
387,Søren García,søren.garcía@globex.co,TAX-169455,9125 Main St,US,83916,13/45/2026
340,J. Øst,james.øst @example.com,TAX-517743,3295 Main St,us,85916,
1277,DAVID MILLER,david.miller@globex.co,???,1217 Oak Ave,,37636,03/28/2026
1277,David	Miller,david.miller@globex.co,TAX-294947,1217 Oak Ave,US,37636,06/19/2026
1277,David	Miller,not-an-email,???,1217 Oak Ave,US,37636,0000-00-00
1277,David Miller,david.miller@globex.co,TAX-294947,1217 Oak Ave,US,37636,20260221
1277,David-Miller,david.miller@globex.co,???,1217 Oak Ave,XX,37636,
852,robert o'brien,robert.obrien@example.com,TAX-534130,94 Oak Ave,BR,83831,2026-07-16
852,Robert O'Brien,robert.obrien@,TAX-534130,94 Oak Ave,BR,83831,2026
852,,robert.obrien@example.com,TAX-534130,94 Oak Ave,BR,83831,0000-00-00
1374,Mary Rodriguez,mary.rodriguez@acme.com,,8025 Main St,XX,92079,2026-04-24
1374,Mary Rodriguez,mary.rodriguez@,TAX-923763,8025 Main St,XX,92079,
1374,,mary.rodriguez@acme.com,TAX-923763,8025 Main St,BR,92079,20260513
816,Patricia Van Der Berg,patricia.van.der.berg@mail.com,TAX-11989,1896 Oak Ave,XX,85094,not-a-date
816,Patricia Van Der Berg,patricia.van.der.berg@mail.com,TAX-11989,1896 Oak Ave,AU,85094,not-a-date
683,Susan García,susan.garcía@acme.com,TAX-718580,3981 Main St,BR,23656,02/23/2026
1259,José Miller,not-an-email,TAX-812526,4920 Main St,de,77096,2026-07-03
952,,,TAX-,9145 Main St,,61499,2026-01-05
492,François Miller,françois.miller@mail.com,???,7370 Oak Ave,AU,74419,0000-00-00
29,W. Martinez,william.martinez@globex.co,TAX-700558,7155 Oak Ave,IN,48490,06/27/2026
110,Patricia Martinez,patricia.martinez@acme.com,TAX-319232,3954 Main St,FR,33625,05/16/2026
31,Karen Garcia,@example.com,TAX-493862,211 Main St,,71587,07/07/2026
31,Karen Garcia,karen.garcia@@example.com,0000000000,211 Main St,DE,71587,2026-07-24
31,Karen Garcia,karen.garcia@acme.com,TAX-493862,211 Main St,DE,71587,not-a-date
31,Karen	Garcia,karen.garcia@acme.com,TAX-493862,211 Main St, UK,71587,13/45/2026
31,Karen Garcia,karen.garcia@acme.com,TAX-493862,211 Main St,DE,71587,
31,Karen Garcia,karen.garcia@@example.com,,211 Main St,DE,71587,2026-07-12
31,Karen Garcia,karen.garcia@acme.com,TAX-493862,211 Main St,DE,71587,20260711
31,K. Garcia,karen.garcia@acme.com,TAX-493862,211 Main St,DE,71587,2026-02-25
1266,ELIZABETH MARTINEZ,,,2054 Main St,BR,85155,
1266,Elizabeth Martinez,elizabeth.martinez@globex.co,0000000000,2054 Main St,,85155,03/08/2026
1266,Elizabeth Martinez,elizabeth.martinez@globex.co,TAX-,2054 Main St,BR,85155,20260223
1266,Elizabeth Martinez,,TAX-31908,2054 Main St,BR,85155,2026
1266,Elizabeth Martinez,elizabeth.martinez@,TAX-31908,2054 Main St,BR,85155,2026-06-21
1266,Elizabeth Martinez,,TAX-31908,2054 Main St,BR,85155,03/01/2026
1266,E. Martinez,elizabeth.martinez@globex.co,TAX-31908,2054 Main St,BR,85155,2026-05-11
1266,E. Martinez,elizabeth.martinez@globex.co,,2054 Main St,BR,85155,20260312
765,S. Thomas,søren.thomas@acme.com,N/A,7947 Main St,XX,14788,04/09/2026
765,,@example.com,TAX-407466,7947 Main St,UK,14788,02/08/2026
765,Søren Thomas,søren.thomas@acme.com,TAX-407466,7947 Main St,UK,14788,04/01/2026
765,Søren Thomas,søren.thomas @example.com,TAX-407466,7947 Main St,UK,14788,0000-00-00
765,Søren Thomas,søren.thomas@acme.com,TAX-407466,7947 Main St,UK,14788,05/24/2026
765,Søren Thomas,@example.com,TAX-407466,7947 Main St,UK,14788,2026
765,Søren Thomas,søren.thomas@acme.com,TAX-407466,7947 Main St,UK,14788,2026-03-03
765,Søren Thomas,søren.thomas@acme.com,TAX-407466,7947 Main St,XX,14788,2026-07-03
803,håkon davis,håkon.davis@globex.co,N/A,4356 Oak Ave,BR,34249,2026-05-03
65,Robert-Williams,robert.williams@globex.co,???,2268 Oak Ave,FR,95716,2026-07-21
1104,François Lopez,françois.lopez@globex.co,TAX-956720,2897 Oak Ave,,22758,
1104,François Lopez,,TAX-,2897 Oak Ave,FR,22758,20260423
1104,  François Lopez  ,,TAX-956720,2897 Oak Ave,FR,22758,2026-05-16
1104,François Lopez,françois.lopez@globex.co,TAX-956720,2897 Oak Ave,FR,22758,2026-06-15
1104,François Lopez,françois.lopez@globex.co,,2897 Oak Ave,FR,22758,2026-01-05
1101,Sarah Anderson,sarah.anderson@acme.com,TAX-,4083 Main St,AU,54072,
766,Robert M.,robert.martin@example.com,TAX-194800,7536 Main St,UK,94766,20260218
1398,Thomas Davis,thomas.davis@globex.co,TAX-370719,3596 Oak Ave,DE,29598,
1405,James O'Brien,james.obrien@,???,476 Main St,CA,42203,not-a-date
1405,James O'Brien,not-an-email,,476 Main St,XX,42203,13/45/2026
300,Zoë Thomas,zoë.thomas@globex.co,TAX-77006,5104 Oak Ave,IN,98480,20260127
964,Zoë Łukasz,zoë.łukasz@example.com,???,8441 Main St,,23730,06/14/2026
628,björn fürst,björn.fürst@globex.co,,6236 Oak Ave,,98969,2026-04-22
514,François Garcia,françois.garcia @example.com,TAX-962850,7472 Oak Ave,US,64994,20260423
514,,françois.garcia@mail.com,TAX-962850,7472 Oak Ave,US,64994,0000-00-00
854,  Håkon Brown  ,@example.com,TAX-777251,9617 Oak Ave,UK,69319,
162,M. Jackson,mary.jackson@acme.com,TAX-,838 Oak Ave,,98516,02/19/2026
162,MARY JACKSON,mary.jackson@acme.com,TAX-204781,838 Oak Ave,,98516,2026
703,Søren Miller,,TAX-567062,6151 Main St,UK,29441,03/26/2026
703,Søren Miller,søren.miller@globex.co,TAX-,6151 Main St,UK,29441,2026
703,Søren Miller,søren.miller@globex.co,TAX-567062,6151 Main St,UK,29441,13/45/2026
1287,MICHAEL MARTINEZ,not-an-email,TAX-598082,8597 Main St,AU,64843,not-a-date
415,patricia müller,patricia.müller@example.com,TAX-733538,7892 Main St,,29330,07/02/2026
415,Patricia Müller,patricia.müller@example.com,TAX-733538,7892 Main St,US,29330,
415,Patricia Müller,patricia.müller@example.com,TAX-733538,7892 Main St,US,29330,
415,Patricia Müller,patricia.müller@example.com,TAX-733538,7892 Main St,US,29330,not-a-date
415,patricia müller,patricia.müller@example.com,TAX-733538,7892 Main St,US,29330,
917,François Miller,françois.miller@example.com,TAX-757952,7818 Main St, US,67650,2026-04-07
917,François Miller,françois.miller@example.com,TAX-757952,7818 Main St,BR,67650,20260526
1035,Elizabeth	Smith,elizabeth.smith@mail.com,TAX-175122,283 Oak Ave,BR,47766,07/12/2026
283,  Patricia Taylor  ,patricia.taylor@example.com,TAX-562599,7038 Main St,IN,16900,20260126
283,,patricia.taylor@example.com,TAX-562599,7038 Main St,IN,16900,20260313
283,Patricia Taylor,,0000000000,7038 Main St,IN,16900,2026
590,Thomas Anderson,thomas.anderson@example.com,TAX-935755,2079 Oak Ave,,28045,not-a-date
590,Thomas	Anderson,thomas.anderson@example.com,???,2079 Oak Ave,BR,28045,
516,Renée Van Der Berg,renée.van.der.berg@example.com,TAX-272716,3334 Main St,CA,15377,13/45/2026
606,Zoë Smith,zoë.smith@@example.com,,265 Main St,DE,92066,0000-00-00
52,Søren Martin,,TAX-573216,8869 Main St,DE,40736,2026-04-26
52,Søren Martin,søren.martin@globex.co,TAX-573216,8869 Main St,DE,40736,20260327
52,Søren Martin,søren.martin@,N/A,8869 Main St,DE,40736,
52,Søren M.,søren.martin@globex.co,TAX-573216,8869 Main St,DE,40736,20260220
52,Søren Martin,søren.martin@globex.co,TAX-573216,8869 Main St,ca,40736,2026
183,  Jessica Taylor  ,jessica.taylor@example.com,N/A,1800 Oak Ave,US,33340,2026-04-09
1125,François Brown,françois.brown@acme.com,TAX-435169,8142 Oak Ave,BR,94899,not-a-date
351,Karen Miller,karen.miller@globex.co,TAX-132081,39 Main St,UK,84150,0000-00-00
351,Karen M.,karen.miller@globex.co,,39 Main St,UK,84150,2026-01-07
351,Karen Miller,,TAX-132081,39 Main St,UK,84150,20260319
496,Zoë Hernandez,zoë.hernandez@globex.co,TAX-929717,4464 Main St,CA,80222,0000-00-00
496,Zoë Hernandez,zoë.hernandez@globex.co,,4464 Main St,CA,80222,2026-01-01
496,Zoë Hernandez,not-an-email,0000000000,4464 Main St, AU,80222,20260712
496,Zoë Hernandez,zoë.hernandez@globex.co,TAX-929717,4464 Main St,CA,80222,
496,Zoë Hernandez,,TAX-929717,4464 Main St,CA,80222,04/09/2026
1358,James Van Der Berg,not-an-email,TAX-877869,2724 Main St,AU,58868,0000-00-00
67,Nguyễn Moore,nguyễn.moore@mail.com,TAX-876827,5456 Main St,BR,94202,05/16/2026
67,Nguyễn Moore,nguyễn.moore@mail.com,TAX-876827,5456 Main St,BR,94202,20260427
931,André Taylor,andré.taylor@globex.co,TAX-750776,9239 Main St,US,52553,not-a-date
556,William Łukasz,not-an-email,TAX-623685,2948 Main St,FR,37885,not-a-date
563,William Lopez,william.lopez@example.com,TAX-527309,8323 Oak Ave,,17358,
213,Joseph-Williams,joseph.williams@example.com,,4415 Oak Ave,UK,59413,13/45/2026
213,Joseph Williams,joseph.williams@example.com,TAX-637593,4415 Oak Ave,UK,59413,05/05/2026
735,WILLIAM GONZALEZ,william.gonzalez@@example.com,TAX-246577,7008 Main St,CA,20836,04/03/2026
981,ELIZABETH DAVIS,elizabeth.davis@acme.com,TAX-44243,1143 Oak Ave,BR,83596,2026-01-12
538,John Wilson,,TAX-963056,7831 Oak Ave,US,89728,03/08/2026
958,Robert Anderson,robert.anderson@,TAX-753286,2016 Oak Ave, DE,76377,20260512
156,André Nguyễn,andré.nguyễn@mail.com,TAX-95076,1592 Main St,DE,34231,2026-06-05
7,Joseph M.,joseph.martinez @example.com,,2477 Oak Ave,XX,60624,04/12/2026
469,Michael Nguyễn,michael.nguyễn@globex.co,TAX-76438,7655 Main St,,69923,0000-00-00
1157,R. Lopez,robert.lopez@example.com,TAX-875196,6074 Main St,IN,26280,13/45/2026
883,B. Hernandez,,TAX-722487,9177 Main St, IN,32847,2026-01-12
10,Thomas Martinez,thomas.martinez @example.com,TAX-,6193 Oak Ave,AU,82277,not-a-date
476,karen brown,,TAX-508618,7978 Main St,de,61798,0000-00-00
768,Nguyễn	Davis,nguyễn.davis@acme.com,TAX-559200,9045 Main St, IN,84622,05/14/2026
1175,Michael Łukasz,michael.łukasz@mail.com,TAX-84692,7361 Oak Ave,XX,22812,2026
1175,Michael Łukasz,michael.łukasz@mail.com,TAX-84692,7361 Oak Ave, US,22812,2026-02-27
1175,Michael Łukasz,michael.łukasz@mail.com,0000000000,7361 Oak Ave, UK,22812,20260602
1175,Michael Łukasz,michael.łukasz@mail.com,TAX-84692,7361 Oak Ave,FR,22812,06/12/2026
1175,Michael Łukasz,michael.łukasz@@example.com,,7361 Oak Ave,XX,22812,
429,James Johnson,james.johnson@globex.co,TAX-202230,8129 Oak Ave, UK,83925,
242,Zoë Fürst,zoë.fürst@globex.co,TAX-556764,7380 Oak Ave,US,40021,06/05/2026
242,Zoë Fürst,zoë.fürst@globex.co,TAX-556764,7380 Oak Ave,US,40021,
242,ZOË FÜRST,zoë.fürst@globex.co,TAX-556764,7380 Oak Ave,au,40021,
242,Zoë Fürst,zoë.fürst@globex.co,TAX-556764,7380 Oak Ave,,40021,2026
242,Zoë F.,zoë.fürst@globex.co,TAX-556764,7380 Oak Ave,US,40021,20260611
1039,Joseph Martin,joseph.martin@acme.com,TAX-634167,9715 Main St,UK,40350,02/19/2026
1431,JOHN HERNANDEZ,john.hernandez@mail.com,TAX-154373,2649 Main St,uk,62667,20260421
151,Søren Müller,søren.müller @example.com,TAX-319246,3119 Oak Ave,AU,12172,03/03/2026
151,,søren.müller@globex.co,TAX-319246,3119 Oak Ave,AU,12172,05/11/2026
151,Søren Müller,søren.müller@globex.co,0000000000,3119 Oak Ave,AU,12172,06/17/2026
151,Søren Müller,søren.müller@globex.co,TAX-,3119 Oak Ave,,12172,13/45/2026
151,Søren-Müller,søren.müller@globex.co,TAX-319246,3119 Oak Ave,AU,12172,01/24/2026
151,Søren M.,søren.müller@globex.co,TAX-319246,3119 Oak Ave,AU,12172,2026
151,Søren Müller,søren.müller@globex.co,0000000000,3119 Oak Ave,XX,12172,20260726
151,Søren Müller,søren.müller@globex.co,TAX-319246,3119 Oak Ave,AU,12172,13/45/2026
254,Björn Łukasz,björn.łukasz@globex.co,,2590 Oak Ave,FR,62251,2026-03-18
254,Björn Łukasz,björn.łukasz@globex.co,TAX-566388,2590 Oak Ave,FR,62251,02/23/2026
254,Björn Łukasz,,TAX-566388,2590 Oak Ave,XX,62251,
204,,,TAX-725495,1336 Oak Ave,US,55332,20260222
112,Jessica Müller,,TAX-849038,587 Main St,BR,13180,2026
1356,Jessica-Müller,jessica.müller@mail.com,TAX-566065,9359 Main St,AU,40082,20260721
7,Jennifer Moore,jennifer.moore@mail.com,TAX-452170,4005 Oak Ave,DE,14489,20260105
1399,Elizabeth O.,elizabeth.obrien@globex.co,TAX-723657,4016 Main St,us,87676,not-a-date
1399,Elizabeth O'Brien,elizabeth.obrien@globex.co,TAX-723657,4016 Main St,DE,87676,2026-05-21
1399,elizabeth o'brien,elizabeth.obrien@globex.co,0000000000,4016 Main St,DE,87676,20260417
1399,Elizabeth O'Brien,,TAX-723657,4016 Main St,DE,87676,03/16/2026
1399,Elizabeth O'Brien,,???,4016 Main St,DE,87676,2026-05-18
1399,Elizabeth O'Brien,elizabeth.obrien@globex.co,TAX-723657,4016 Main St,,87676,13/45/2026
1399,,elizabeth.obrien@globex.co,TAX-723657,4016 Main St,XX,87676,05/20/2026
1399,Elizabeth O'Brien,elizabeth.obrien@globex.co,???,4016 Main St,DE,87676,2026
163,Jennifer Miller,jennifer.miller@acme.com,TAX-,2740 Main St,XX,48745,2026-05-05
163,Jennifer Miller,,TAX-491256,2740 Main St,IN,48745,20260418
163,Jennifer Miller,@example.com,TAX-491256,2740 Main St,IN,48745,0000-00-00
163,Jennifer-Miller,not-an-email,TAX-491256,2740 Main St,IN,48745,not-a-date
163,Jennifer Miller,jennifer.miller@acme.com,,2740 Main St,IN,48745,02/09/2026
163,Jennifer Miller,jennifer.miller@acme.com,TAX-491256,2740 Main St,IN,48745,2026-03-04
163,Jennifer Miller,jennifer.miller@acme.com,,2740 Main St,,48745,05/04/2026
163,Jennifer Miller,jennifer.miller@acme.com,TAX-491256,2740 Main St,IN,48745,
771,,elizabeth.jones@mail.com,0000000000,483 Oak Ave,UK,46795,2026
771,Elizabeth Jones,elizabeth.jones@mail.com,N/A,483 Oak Ave,UK,46795,2026-03-18
771,Elizabeth	Jones,elizabeth.jones@mail.com,TAX-373970,483 Oak Ave,UK,46795,20260621
771,Elizabeth Jones,elizabeth.jones@mail.com,TAX-373970,483 Oak Ave, CA,46795,
771,Elizabeth Jones,elizabeth.jones@mail.com,TAX-373970,483 Oak Ave,uk,46795,13/45/2026
771,Elizabeth	Jones,elizabeth.jones@mail.com,TAX-,483 Oak Ave,XX,46795,07/25/2026
771,Elizabeth Jones,elizabeth.jones@mail.com,0000000000,483 Oak Ave,UK,46795,2026-07-08
771,Elizabeth	Jones,elizabeth.jones@mail.com,,483 Oak Ave,UK,46795,13/45/2026
319,W. Davis,william.davis@example.com,TAX-531681,1852 Oak Ave,in,72637,06/24/2026
272,David M.,david.moore@acme.com,TAX-633102,2763 Oak Ave,UK,65465,03/26/2026
272,David	Moore,david.moore@acme.com,TAX-633102,2763 Oak Ave,UK,65465,13/45/2026
506,Björn Smith,björn.smith@mail.com,,5485 Main St,,16969,07/12/2026
160,Richard Gonzalez,richard.gonzalez@mail.com,TAX-426859,6749 Main St,CA,54285,05/25/2026
160,Richard Gonzalez,richard.gonzalez@mail.com,TAX-426859,6749 Main St,in,54285,13/45/2026
1484,Susan Müller,susan.müller@globex.co,TAX-156933,6567 Main St,BR,97480,2026-02-06
1484,Susan Müller,,TAX-156933,6567 Main St,BR,97480,not-a-date
1484,Susan Müller,susan.müller@globex.co,TAX-156933,6567 Main St,BR,97480,2026
1484,Susan Müller,susan.müller@globex.co,0000000000,6567 Main St,BR,97480,20260720
1484,Susan Müller,susan.müller@globex.co,TAX-156933,6567 Main St,BR,97480,03/26/2026
475,James Rodriguez,james.rodriguez@,TAX-642189,6328 Oak Ave,FR,17483,01/27/2026
1219,Nguyễn Hernandez,nguyễn.hernandez @example.com,TAX-393737,4546 Main St,XX,99249,2026-02-17
1229,Robert Brown,robert.brown@mail.com,TAX-710768,3110 Oak Ave,BR,45912,2026-03-22
1229,Robert Brown,robert.brown@mail.com,0000000000,3110 Oak Ave,BR,45912,05/12/2026
1229,Robert Brown,,TAX-710768,3110 Oak Ave,BR,45912,2026-03-25
384,James Wilson,james.wilson@example.com,TAX-431554,1509 Main St, AU,92523,20260504
384,james wilson,james.wilson@,TAX-431554,1509 Main St,BR,92523,20260514
384,james wilson,james.wilson@example.com,0000000000,1509 Main St,BR,92523,2026-02-09
488,Søren Thomas,not-an-email,TAX-260682,7465 Oak Ave,IN,64084,2026-07-03
156,Zoë-Øst,not-an-email,0000000000,9075 Oak Ave,CA,92415,
156,Zoë Øst,zoë.øst@mail.com,TAX-716485,9075 Oak Ave,CA,92415,20260414
248,Michael Davis,michael.davis@acme.com,???,7688 Oak Ave,BR,31587,02/19/2026
132,Jennifer Johnson,jennifer.johnson@@example.com,TAX-499631,3683 Oak Ave,CA,61833,0000-00-00
1005,Müller Taylor,@example.com,TAX-221688,2444 Oak Ave,,77718,13/45/2026
1005,Müller Taylor,müller.taylor@acme.com,,2444 Oak Ave,FR,77718,13/45/2026
1005,Müller Taylor,müller.taylor@acme.com,N/A,2444 Oak Ave,us,77718,2026-01-04
1005,Müller Taylor,müller.taylor@acme.com,TAX-221688,2444 Oak Ave,,77718,13/45/2026
1005,  Müller Taylor  ,müller.taylor@acme.com,TAX-221688,2444 Oak Ave,FR,77718,02/05/2026
1218,André Martin,andré.martin@globex.co,TAX-,8729 Oak Ave,UK,39783,2026-07-17
1218,André Martin,andré.martin@globex.co,TAX-30265,8729 Oak Ave,UK,39783,2026-05-08
1218,André-Martin,andré.martin@,TAX-30265,8729 Oak Ave,UK,39783,2026-04-12
1218,André Martin,andré.martin@globex.co,N/A,8729 Oak Ave,,39783,03/24/2026
1218,andré martin,not-an-email,,8729 Oak Ave,UK,39783,20260309
1218,André Martin,andré.martin@globex.co,TAX-30265,8729 Oak Ave,UK,39783,not-a-date
1218,,@example.com,TAX-30265,8729 Oak Ave,,39783,04/17/2026
1218,André Martin,,TAX-30265,8729 Oak Ave,UK,39783,2026-05-17
733,S. Lopez,sarah.lopez@acme.com,TAX-225369,7322 Main St, CA,13056,02/11/2026
23,Renée	Wilson,renée.wilson@mail.com,TAX-968126,2379 Oak Ave,DE,61524,not-a-date
114,,zoë.hernandez@example.com,TAX-763818,6506 Oak Ave,XX,41056,not-a-date
930,Nguyễn Nguyễn,nguyễn.nguyễn@globex.co,TAX-116655,7222 Oak Ave,FR,79742,2026-04-26
930,  Nguyễn Nguyễn  ,nguyễn.nguyễn@globex.co,,7222 Oak Ave,XX,79742,20260105
930,NGUYỄN NGUYỄN,nguyễn.nguyễn@,TAX-116655,7222 Oak Ave,FR,79742,20260525
930,  Nguyễn Nguyễn  ,nguyễn.nguyễn@@example.com,TAX-116655,7222 Oak Ave,FR,79742,01/12/2026
930,Nguyễn Nguyễn,nguyễn.nguyễn@,TAX-116655,7222 Oak Ave,FR,79742,not-a-date
589,Robert Wilson,@example.com,TAX-745908,5961 Oak Ave,,28385,20260217
682,Zoë Lopez,zoë.lopez@globex.co,N/A,2798 Oak Ave, FR,69879,20260307
391,Susan Fürst,susan.fürst@globex.co,TAX-,2396 Main St,FR,25638,2026-03-05
1112,ROBERT GARCÍA,robert.garcía@acme.com,TAX-212132,857 Main St,IN,33315,
1112,Robert García,robert.garcía@acme.com,TAX-212132,857 Main St,IN,33315,0000-00-00
1112,,robert.garcía@acme.com,TAX-212132,857 Main St,IN,33315,0000-00-00
743,Renée Brown,renée.brown@@example.com,TAX-189318,9911 Main St,AU,26982,20260205
486,André Fürst,andré.fürst @example.com,,2489 Oak Ave,FR,34202,2026-04-27
486,ANDRÉ FÜRST,andré.fürst@acme.com,,2489 Oak Ave, FR,34202,20260503
486,André Fürst,@example.com,TAX-773223,2489 Oak Ave,FR,34202,13/45/2026
1287,Jessica Moore,jessica.moore@globex.co,TAX-616126,8749 Oak Ave,FR,53624,0000-00-00
1450,David Davis,david.davis@acme.com,TAX-144608,1801 Oak Ave,IN,44012,07/17/2026
983,Renée Nguyễn,renée.nguyễn@globex.co,TAX-969535,9942 Main St,BR,96330,06/09/2026
676,Søren Anderson,søren.anderson@globex.co,TAX-245728,1154 Oak Ave,AU,77806,2026-06-24
505,françois williams,françois.williams @example.com,TAX-230235,7957 Oak Ave,UK,77475,2026-04-20
893,François-Nguyễn,françois.nguyễn@acme.com,TAX-71005,5397 Main St,BR,41186,05/20/2026
893,F. Nguyễn,françois.nguyễn@acme.com,TAX-71005,5397 Main St,in,41186,2026-07-18
893,François Nguyễn,,0000000000,5397 Main St,BR,41186,20260217
184,José-Wilson,josé.wilson@acme.com,TAX-79110,1681 Oak Ave,AU,55333,05/23/2026
637,Robert Rodriguez,robert.rodriguez @example.com,TAX-770485,199 Main St,US,41170,2026-01-28
209,Zoë Brown,zoë.brown @example.com,TAX-774219,2662 Main St,UK,21901,20260601
209,Zoë	Brown,zoë.brown@acme.com,TAX-774219,2662 Main St,UK,21901,20260206
209,Zoë Brown,zoë.brown @example.com,TAX-774219,2662 Main St,UK,21901,20260309
209,Zoë Brown,zoë.brown@acme.com,TAX-774219,2662 Main St,UK,21901,07/18/2026
209,Zoë B.,zoë.brown@acme.com,TAX-774219,2662 Main St,UK,21901,02/17/2026
209,Zoë Brown,zoë.brown@acme.com,TAX-774219,2662 Main St,UK,21901,13/45/2026
209,Zoë Brown,zoë.brown@acme.com,,2662 Main St,UK,21901,13/45/2026
209,Zoë Brown,zoë.brown@acme.com,TAX-774219,2662 Main St,UK,21901,2026-07-19
100,Jennifer Smith,jennifer.smith@example.com,TAX-713984,2169 Oak Ave,,91323,20260621
1020,Thomas Wilson,thomas.wilson@mail.com,0000000000,8444 Oak Ave,XX,42080,20260628
1139,Renée T.,renée.thomas@example.com,TAX-832303,4554 Oak Ave,,50933,2026-06-14
612,Zoë Lopez,zoë.lopez@globex.co,TAX-561795,8640 Main St,DE,35671,2026-03-16
612,Zoë Lopez,zoë.lopez@globex.co,TAX-561795,8640 Main St,DE,35671,2026-01-07
612,Zoë Lopez,zoë.lopez@globex.co,,8640 Main St,DE,35671,2026-02-10
1387,Richard-Martinez,,TAX-801737,3635 Oak Ave,AU,84720,20260624
557,Linda Gonzalez,linda.gonzalez@globex.co,TAX-746383,556 Main St,FR,77006,2026-05-13
479,Søren García,søren.garcía@acme.com,TAX-58172,3103 Main St,,86339,
1218,Zoë Gonzalez,zoë.gonzalez@,TAX-846074,6853 Main St,IN,32627,02/19/2026
1218,Zoë Gonzalez,zoë.gonzalez@mail.com,TAX-846074,6853 Main St,IN,32627,2026-06-14
366,James Hernandez,james.hernandez@acme.com,TAX-663605,8099 Oak Ave,DE,87660,20260412
717,Jessica Jones,jessica.jones @example.com,TAX-349711,8602 Oak Ave,DE,87825,20260501
8,,barbara.johnson@globex.co,TAX-674915,4431 Oak Ave,DE,96074,06/25/2026
619,FRANÇOIS MÜLLER,françois.müller@example.com,???,3495 Main St,IN,31519,2026-05-23
71,Renée Smith,renée.smith@mail.com,???,7951 Main St,,64092,0000-00-00
1027,Linda Müller,linda.müller@mail.com,TAX-682698,3708 Oak Ave,,87605,20260219
1027,Linda Müller,linda.müller@mail.com,TAX-682698,3708 Oak Ave,FR,87605,01/11/2026
1027,  Linda Müller  ,linda.müller@mail.com,TAX-682698,3708 Oak Ave,FR,87605,not-a-date
32,Renée Ł.,not-an-email,TAX-145306,1847 Main St,DE,88289,
32,Renée Łukasz,@example.com,,1847 Main St, DE,88289,20260207
32,Renée Łukasz,renée.łukasz@mail.com,TAX-145306,1847 Main St,DE,88289,
712,K. Johnson,karen.johnson@example.com,TAX-333987,42 Main St,DE,15242,07/07/2026
402,Renée Brown,renée.brown@acme.com,TAX-583830,9494 Main St, AU,83501,2026-06-01
231,,richard.łukasz@mail.com,TAX-881125,7176 Oak Ave,US,93329,2026-04-17
911,Elizabeth Jones,elizabeth.jones@mail.com,TAX-763970,1371 Main St,DE,58539,20260726
1136,Jessica	Brown,jessica.brown@acme.com,TAX-325353,7612 Oak Ave,,49965,2026
1230,Joseph Rodriguez,joseph.rodriguez@mail.com,,5163 Oak Ave, DE,87035,05/04/2026
160,,david.müller@example.com,TAX-12244,1005 Oak Ave,DE,84330,13/45/2026
432,Mary Miller,mary.miller@mail.com,0000000000,7310 Main St,CA,29042,01/07/2026
147,Elizabeth Nguyễn,elizabeth.nguyễn@mail.com,TAX-165772,7874 Main St,AU,75566,20260526
1055,William	Johnson,william.johnson@acme.com,,6622 Oak Ave,CA,32235,13/45/2026
1055,William Johnson,william.johnson@acme.com,TAX-125745,6622 Oak Ave,CA,32235,03/04/2026
1055,William Johnson,william.johnson@acme.com,N/A,6622 Oak Ave,CA,32235,0000-00-00
1055,William Johnson,william.johnson@acme.com,,6622 Oak Ave,CA,32235,0000-00-00
1055,William Johnson,william.johnson@,TAX-125745,6622 Oak Ave,,32235,20260312
1208,Nguyễn Gonzalez,nguyễn.gonzalez @example.com,,4303 Main St,UK,81016,2026-02-11
988,Charles Jones,charles.jones@globex.co,???,4091 Main St,FR,17351,2026-03-05
727,José Martinez,josé.martinez@mail.com,???,7550 Oak Ave,IN,83519,04/14/2026
727,José Martinez,josé.martinez@mail.com,TAX-441507,7550 Oak Ave,IN,83519,20260225
45,håkon martin,håkon.martin@mail.com,,7226 Main St,FR,41917,20260301
45,Håkon Martin,håkon.martin@mail.com,0000000000,7226 Main St,FR,41917,2026-03-09
45,Håkon Martin,håkon.martin@mail.com,TAX-191793,7226 Main St,FR,41917,20260123
213,Jennifer Øst,,TAX-330405,3082 Oak Ave,CA,47175,13/45/2026
213,Jennifer Øst,jennifer.øst@acme.com,TAX-330405,3082 Oak Ave,CA,47175,2026-02-13
367,John Miller,john.miller@@example.com,TAX-56394,353 Oak Ave,IN,83772,20260403
367,John Miller,john.miller@mail.com,TAX-56394,353 Oak Ave,,83772,20260508
367,,john.miller@mail.com,TAX-56394,353 Oak Ave,,83772,20260512
367,John Miller,john.miller@mail.com,TAX-56394,353 Oak Ave,fr,83772,07/12/2026
367,John Miller,,,353 Oak Ave,IN,83772,20260711
367,John Miller,john.miller@mail.com,TAX-56394,353 Oak Ave, AU,83772,20260714
367,John Miller,not-an-email,N/A,353 Oak Ave,IN,83772,02/01/2026
367,John Miller,john.miller@mail.com,TAX-56394,353 Oak Ave,IN,83772,
284,Søren Brown,søren.brown@mail.com,???,7985 Main St,,12399,2026-05-22
1049,Susan Lopez,susan.lopez@mail.com,,3958 Oak Ave,CA,16239,20260105
980,Håkon Brown,håkon.brown@example.com,???,3853 Oak Ave,FR,71379,2026-07-14
75,KAREN ØST,@example.com,TAX-500149,9855 Main St,XX,28061,03/28/2026
75,Karen-Øst,karen.øst@acme.com,TAX-500149,9855 Main St,FR,28061,2026-03-17
75,Karen Øst,karen.øst@acme.com,,9855 Main St,br,28061,0000-00-00
75,Karen-Øst,karen.øst@acme.com,TAX-500149,9855 Main St,XX,28061,
75,Karen Øst,@example.com,TAX-,9855 Main St,FR,28061,2026
75,Karen Øst,karen.øst@acme.com,TAX-500149,9855 Main St,FR,28061,
75,Karen Øst,karen.øst@acme.com,???,9855 Main St,FR,28061,01/07/2026
75,Karen Øst,karen.øst@acme.com,N/A,9855 Main St,FR,28061,2026
1433,John Anderson,,TAX-767594,7487 Main St,US,63026,not-a-date
620,Thomas Garcia,thomas.garcia@globex.co,???,5248 Main St,,19773,20260701
708,  Zoë Thomas  ,zoë.thomas@mail.com,TAX-378705,3174 Oak Ave,BR,35852,0000-00-00
1257,,karen.jones @example.com,TAX-708289,7686 Oak Ave,BR,99227,20260510
1257,Karen Jones,karen.jones@example.com,TAX-,7686 Oak Ave,BR,99227,13/45/2026
1257,Karen Jones,karen.jones@example.com,TAX-708289,7686 Oak Ave,BR,99227,20260603
1257,Karen J.,karen.jones@example.com,TAX-708289,7686 Oak Ave,BR,99227,not-a-date
1257,karen jones,karen.jones@example.com,TAX-708289,7686 Oak Ave,,99227,2026
1257,KAREN JONES,karen.jones@,N/A,7686 Oak Ave,BR,99227,06/08/2026
1257,Karen J.,karen.jones@example.com,,7686 Oak Ave,BR,99227,01/21/2026
1257,Karen Jones,karen.jones@example.com,TAX-708289,7686 Oak Ave,BR,99227,20260510
89,William Taylor,william.taylor@example.com,TAX-984694,1033 Main St,IN,98983,2026-05-02
89,William Taylor,william.taylor@example.com,,1033 Main St,IN,98983,2026
89,William Taylor,william.taylor@example.com,TAX-984694,1033 Main St,IN,98983,2026-02-02
1259,Nguyễn García,nguyễn.garcía@mail.com,N/A,1473 Main St, FR,81595,20260709
889,Charles-Rodriguez,charles.rodriguez@example.com,TAX-635144,4929 Oak Ave,UK,99190,20260706
889,Charles Rodriguez,charles.rodriguez@example.com,TAX-635144,4929 Oak Ave,UK,99190,20260119
889,Charles R.,charles.rodriguez@example.com,TAX-635144,4929 Oak Ave,XX,99190,
889,Charles Rodriguez,charles.rodriguez@example.com,TAX-635144,4929 Oak Ave,UK,99190,
889,Charles-Rodriguez,charles.rodriguez@@example.com,0000000000,4929 Oak Ave,UK,99190,2026-07-22
70,  José Jackson  ,,TAX-590722,1457 Oak Ave,AU,64608,07/20/2026
1312,Joseph Smith,joseph.smith@example.com,TAX-912705,6542 Oak Ave,CA,77054,2026-06-14
1312,J. Smith,joseph.smith@example.com,TAX-912705,6542 Oak Ave,CA,77054,0000-00-00
388,C. Martin,charles.martin@acme.com,TAX-599002,7625 Oak Ave,XX,22567,20260209
579,Michael-Martinez,michael.martinez@,,6609 Main St,DE,30302,2026-01-24
6,Jennifer Brown,jennifer.brown@mail.com,TAX-289384,3626 Oak Ave,IN,73315,20260324
477,david müller,david.müller@acme.com,TAX-500729,6608 Oak Ave,IN,35969,2026-07-16
477,DAVID MÜLLER,david.müller@,TAX-500729,6608 Oak Ave,IN,35969,not-a-date
477,David	Müller,david.müller@acme.com,TAX-500729,6608 Oak Ave,,35969,2026
902,John Johnson,john.johnson@example.com,TAX-351142,3307 Main St,FR,32095,07/08/2026
902,John	Johnson,john.johnson@example.com,TAX-351142,3307 Main St,FR,32095,01/19/2026
902,John Johnson,john.johnson@example.com,0000000000,3307 Main St,XX,32095,20260201
1455,Björn Anderson,björn.anderson@,TAX-577926,4286 Oak Ave,CA,66054,
1374,john thomas,john.thomas@globex.co,TAX-537293,8693 Oak Ave,UK,26324,07/12/2026
179,Barbara Jackson,not-an-email,TAX-,805 Main St,,47069,2026-02-20
1042,Zoë Taylor,zoë.taylor@mail.com,???,2501 Main St,BR,39909,0000-00-00
36,Thomas Taylor,@example.com,TAX-706007,2271 Main St,US,47005,2026
36,Thomas Taylor,not-an-email,TAX-706007,2271 Main St,US,47005,2026-06-10
36,Thomas Taylor,thomas.taylor@example.com,TAX-706007,2271 Main St,,47005,
36,Thomas Taylor,thomas.taylor@example.com,TAX-706007,2271 Main St,US,47005,20260318
36,Thomas Taylor,,N/A,2271 Main St,US,47005,not-a-date
356,Jessica Taylor,jessica.taylor@acme.com,N/A,2982 Main St,in,62919,20260609
356,J. Taylor,jessica.taylor@acme.com,TAX-226651,2982 Main St,US,62919,06/24/2026
356,Jessica Taylor,jessica.taylor@acme.com,0000000000,2982 Main St,US,62919,2026-03-28
1250,Robert Lopez,not-an-email,TAX-,1416 Oak Ave,US,13270,20260624
1088,Mary Davis,mary.davis@acme.com,N/A,5350 Oak Ave,ca,20456,06/03/2026
811,François Müller,françois.müller@acme.com,TAX-618620,8700 Main St,IN,79606,
558,Thomas Rodriguez,,TAX-238367,5622 Main St,uk,63573,2026
1088,Barbara Hernandez,barbara.hernandez@acme.com,TAX-961173,8832 Oak Ave,,14692,06/01/2026
591,Jennifer-Jones,jennifer.jones@example.com,TAX-730625,2256 Oak Ave,,44712,2026-05-11
16,John Thomas,john.thomas@acme.com,TAX-500849,7380 Main St,DE,91123,2026-06-19
499,Zoë-García,zoë.garcía @example.com,TAX-492087,4849 Oak Ave,UK,20888,20260720
1253,Susan Lopez,susan.lopez@mail.com,TAX-264243,4538 Oak Ave,BR,85237,0000-00-00
1253,  Susan Lopez  ,susan.lopez@mail.com,0000000000,4538 Oak Ave,XX,85237,20260128
732,Søren	García,søren.garcía@globex.co,TAX-581100,830 Oak Ave,in,36550,20260303
579,Mary Ø.,mary.øst@mail.com,???,9740 Main St,XX,17193,2026
579,Mary Øst,mary.øst @example.com,TAX-528439,9740 Main St,US,17193,20260427
579,Mary Ø.,mary.øst@mail.com,N/A,9740 Main St,US,17193,2026-01-21
1500,M. Jones,müller.jones@example.com,,6986 Main St,,22408,20260120
1393,Karen Fürst,karen.fürst@mail.com,,5631 Main St,UK,22605,20260106
848,Mary Lopez,mary.lopez@,TAX-,9431 Oak Ave,IN,46246,
1112,Karen-Łukasz,not-an-email,TAX-711497,9675 Main St,FR,78651,not-a-date
1112,Karen Ł.,karen.łukasz@@example.com,TAX-711497,9675 Main St,FR,78651,
768,Mary Anderson,mary.anderson@acme.com,,7212 Oak Ave,UK,66413,2026-04-17
768,Mary Anderson,mary.anderson@acme.com,0000000000,7212 Oak Ave,UK,66413,not-a-date
768,Mary Anderson,mary.anderson@acme.com,TAX-187590,7212 Oak Ave,UK,66413,06/04/2026
768,MARY ANDERSON,mary.anderson@acme.com,TAX-187590,7212 Oak Ave,UK,66413,2026-05-27
768,Mary	Anderson,mary.anderson@acme.com,TAX-187590,7212 Oak Ave,UK,66413,01/27/2026
1295,  Sarah Nguyễn  ,sarah.nguyễn@acme.com,TAX-454852,4261 Main St,FR,10886,20260220
976,Thomas Øst,thomas.øst@globex.co,TAX-131980,1162 Oak Ave,DE,47595,20260120
976,Thomas Øst,thomas.øst@globex.co,TAX-131980,1162 Oak Ave,DE,47595,13/45/2026
976,Thomas Ø.,thomas.øst @example.com,TAX-131980,1162 Oak Ave, US,47595,01/12/2026
976,Thomas Øst,thomas.øst @example.com,???,1162 Oak Ave,DE,47595,
976,  Thomas Øst  ,thomas.øst@globex.co,,1162 Oak Ave,DE,47595,2026-05-05
976,Thomas Øst,thomas.øst@globex.co,TAX-131980,1162 Oak Ave, FR,47595,20260124
976,Thomas Øst,thomas.øst @example.com,TAX-131980,1162 Oak Ave,DE,47595,20260424
976,Thomas Øst,thomas.øst@globex.co,TAX-131980,1162 Oak Ave,DE,47595,04/08/2026
1467,Müller Hernandez,müller.hernandez@@example.com,TAX-54272,7445 Main St,XX,61501,2026-07-17
1467,Müller-Hernandez,müller.hernandez@example.com,TAX-54272,7445 Main St, AU,61501,01/08/2026
1467,Müller Hernandez,müller.hernandez@example.com,TAX-54272,7445 Main St,,61501,20260620
1467,Müller Hernandez,@example.com,TAX-54272,7445 Main St,ca,61501,
1467,Müller Hernandez,müller.hernandez@example.com,TAX-54272,7445 Main St,FR,61501,
1467,Müller Hernandez,müller.hernandez@example.com,TAX-54272,7445 Main St, AU,61501,20260117
1467,Müller Hernandez,müller.hernandez@example.com,TAX-54272,7445 Main St,us,61501,03/22/2026
1467,Müller Hernandez,müller.hernandez@example.com,,7445 Main St,FR,61501,05/04/2026
161,Linda Gonzalez,not-an-email,TAX-586819,6539 Main St,XX,40180,2026-05-01
314,R. Moore,renée.moore@acme.com,0000000000,5185 Main St,UK,81696,
1210,Müller Smith,müller.smith@example.com,,7582 Oak Ave,FR,14667,not-a-date
955,SØREN ŁUKASZ,søren.łukasz@acme.com,TAX-584936,1136 Main St,UK,79308,06/21/2026
1356,Michael Lopez,michael.lopez@example.com,TAX-552105,3997 Oak Ave,IN,89423,2026
1356,Michael Lopez,michael.lopez @example.com,TAX-552105,3997 Oak Ave,IN,89423,2026-07-01
1356,Michael Lopez,@example.com,TAX-552105,3997 Oak Ave,IN,89423,03/16/2026
1356,Michael	Lopez,,TAX-552105,3997 Oak Ave, US,89423,0000-00-00
1356,Michael L.,michael.lopez@example.com,TAX-552105,3997 Oak Ave,IN,89423,20260511
1356,Michael Lopez,michael.lopez@example.com,TAX-552105,3997 Oak Ave,IN,89423,0000-00-00
1356,Michael Lopez,michael.lopez@example.com,TAX-552105,3997 Oak Ave,IN,89423,2026-06-15
1356,Michael Lopez,michael.lopez@example.com,TAX-552105,3997 Oak Ave,IN,89423,2026-02-14
1464,Linda Johnson,linda.johnson@example.com,???,9213 Oak Ave,IN,85313,
1450,James Van Der Berg,james.van.der.berg@mail.com,TAX-644350,1225 Oak Ave,DE,42042,06/27/2026
376,  Zoë Jackson  ,not-an-email,TAX-305000,5547 Oak Ave,FR,16401,2026-01-05
8,John Lopez,john.lopez@acme.com,???,1390 Oak Ave,XX,92069,0000-00-00
530,Michael	Jackson,michael.jackson@globex.co,TAX-561418,2295 Main St,US,18470,20260214
354,Müller Anderson,müller.anderson@example.com,,8615 Oak Ave,,33939,13/45/2026
1022,Linda Nguyễn,linda.nguyễn@example.com,TAX-834596,8065 Main St,,68497,2026-05-17
1022,Linda Nguyễn,linda.nguyễn@example.com,TAX-,8065 Main St,,68497,20260507
901,Robert Martinez,,TAX-826277,5203 Main St,UK,29420,20260411
725,Søren Lopez,søren.lopez@mail.com,TAX-331010,7829 Main St,,39634,03/24/2026
1106,François Anderson,françois.anderson@example.com,TAX-68429,188 Main St,US,69669,01/19/2026
1164,Søren Taylor,søren.taylor@example.com,TAX-195993,8066 Oak Ave,XX,69407,
1164,Søren Taylor,,???,8066 Oak Ave,BR,69407,
1164,Søren Taylor,søren.taylor@example.com,TAX-195993,8066 Oak Ave,,69407,2026-02-21
1359,david nguyễn,david.nguyễn@acme.com,N/A,4349 Main St,,59803,
682,Robert-Fürst,robert.fürst@@example.com,TAX-371809,7133 Oak Ave,DE,80691,2026-05-28
900,James J.,james.johnson@example.com,???,1318 Oak Ave,DE,97857,20260702
21,Michael Miller,michael.miller@globex.co,TAX-157846,4107 Main St,,37987,20260602
21,Michael Miller,michael.miller@globex.co,TAX-157846,4107 Main St,AU,37987,
21,Michael	Miller,not-an-email,TAX-157846,4107 Main St,AU,37987,13/45/2026
21,Michael Miller,@example.com,,4107 Main St,,37987,not-a-date
21,Michael Miller,michael.miller@,TAX-157846,4107 Main St,AU,37987,03/26/2026
905,Charles-Hernandez,charles.hernandez@example.com,TAX-,6913 Main St,DE,35535,0000-00-00
1430,  Jessica Nguyễn  ,jessica.nguyễn@example.com,TAX-417191,4166 Oak Ave,,82821,2026-04-09
1430,,,TAX-417191,4166 Oak Ave,IN,82821,20260212
1430,Jessica Nguyễn,jessica.nguyễn@example.com,TAX-417191,4166 Oak Ave,,82821,
1430,Jessica Nguyễn,jessica.nguyễn@example.com,0000000000,4166 Oak Ave,IN,82821,not-a-date
1430,Jessica Nguyễn,jessica.nguyễn@example.com,0000000000,4166 Oak Ave,IN,82821,20260106
1430,Jessica	Nguyễn,jessica.nguyễn@,TAX-417191,4166 Oak Ave,IN,82821,20260723
1430,Jessica	Nguyễn,jessica.nguyễn@example.com,TAX-417191,4166 Oak Ave,IN,82821,20260517
1430,Jessica Nguyễn,jessica.nguyễn@example.com,???,4166 Oak Ave,IN,82821,20260702
112,RICHARD FÜRST,,0000000000,4154 Main St,DE,38838,07/15/2026
112,,richard.fürst@acme.com,TAX-344149,4154 Main St,ca,38838,2026-07-10
112,Richard Fürst,richard.fürst@,TAX-,4154 Main St,DE,38838,
112,Richard Fürst,richard.fürst@acme.com,TAX-344149,4154 Main St,XX,38838,not-a-date
112,Richard Fürst,richard.fürst@acme.com,TAX-344149,4154 Main St,DE,38838,2026-03-21
191,Robert Łukasz,robert.łukasz@example.com,,4330 Main St, US,82919,01/19/2026
191,  Robert Łukasz  ,robert.łukasz@example.com,TAX-53731,4330 Main St,BR,82919,20260716
191,robert łukasz,robert.łukasz@example.com,,4330 Main St,BR,82919,20260119
191,Robert Łukasz,robert.łukasz@example.com,TAX-53731,4330 Main St,BR,82919,
191,Robert Łukasz,not-an-email,TAX-53731,4330 Main St,XX,82919,20260416
44,James Łukasz,james.łukasz@mail.com,TAX-143469,2913 Oak Ave,FR,33923,not-a-date
44,James Łukasz,james.łukasz@mail.com,TAX-143469,2913 Oak Ave,FR,33923,2026-01-08
44,James Łukasz,james.łukasz@mail.com,TAX-143469,2913 Oak Ave,FR,33923,07/07/2026
1468,charles rodriguez,charles.rodriguez@acme.com,N/A,5475 Main St,DE,69116,20260616
1468,Charles Rodriguez,charles.rodriguez@acme.com,TAX-834599,5475 Main St, DE,69116,01/05/2026
1235,André Wilson,,0000000000,4218 Oak Ave,FR,83611,2026-05-22
1235,André Wilson,andré.wilson@acme.com,TAX-942275,4218 Oak Ave,FR,83611,13/45/2026
1235,,andré.wilson@acme.com,TAX-942275,4218 Oak Ave,,83611,2026-02-16
309,Jessica Müller,jessica.müller@example.com,TAX-27966,91 Oak Ave,FR,60791,07/08/2026
982,François Taylor,françois.taylor@@example.com,TAX-32048,4039 Oak Ave,br,33809,20260525
984,Søren Miller,søren.miller@@example.com,,5599 Oak Ave,us,32352,20260721
984,  Søren Miller  ,søren.miller@mail.com,,5599 Oak Ave,FR,32352,13/45/2026
984,Søren Miller,søren.miller@mail.com,TAX-833692,5599 Oak Ave,FR,32352,03/22/2026
340,Håkon Anderson,håkon.anderson@example.com,TAX-238551,4357 Oak Ave, DE,97041,20260516
976,William Van Der Berg,william.van.der.berg@acme.com,TAX-725971,6313 Main St,ca,21501,07/03/2026
972,Jennifer Brown,,TAX-981967,7806 Main St,US,21613,13/45/2026
972,Jennifer Brown,jennifer.brown@example.com,TAX-981967,7806 Main St,US,21613,20260609
972,Jennifer Brown,jennifer.brown@@example.com,TAX-981967,7806 Main St,US,21613,2026-03-01
600,David Fürst,david.fürst@acme.com,TAX-189163,5970 Main St,US,11836,not-a-date
1238,Nguyễn Miller,@example.com,TAX-,4008 Main St, CA,28025,20260110
61,Mary Thomas,mary.thomas@example.com,TAX-481666,8139 Main St,IN,98122,01/09/2026
1498,Patricia Miller,patricia.miller@mail.com,TAX-899862,9570 Main St, CA,46191,0000-00-00
1339,Charles Moore,charles.moore @example.com,,7588 Main St,FR,43120,
634,Björn Martin,björn.martin@example.com,TAX-117702,9480 Oak Ave,AU,73907,2026
1305,William	O'Brien,william.obrien@acme.com,,656 Oak Ave,DE,39883,
607,Linda García,linda.garcía@,TAX-315648,3598 Main St,FR,72205,2026-05-21
434,André Garcia,,TAX-70733,7685 Main St,DE,63978,0000-00-00
95,José Brown,josé.brown@globex.co,TAX-491438,8620 Oak Ave,CA,92210,2026-02-08
644,ELIZABETH GONZALEZ,,TAX-70655,9224 Oak Ave,FR,10574,0000-00-00
1361,HÅKON GARCIA,håkon.garcia@globex.co,TAX-674821,8379 Main St,DE,58668,2026-02-19
1361,Håkon Garcia,håkon.garcia@@example.com,0000000000,8379 Main St,DE,58668,20260405
354,Susan Gonzalez,susan.gonzalez@mail.com,TAX-750927,5559 Main St,FR,22867,04/17/2026
354,Susan Gonzalez,susan.gonzalez@mail.com,TAX-750927,5559 Main St,FR,22867,not-a-date
545,Håkon Williams,,???,8958 Oak Ave, FR,52748,
738,André Garcia,andré.garcia @example.com,TAX-,3475 Oak Ave,,88755,0000-00-00
738,andré garcia,andré.garcia@globex.co,???,3475 Oak Ave,UK,88755,2026-05-11
344,John Smith,john.smith@acme.com,???,1816 Main St,CA,28599,20260725
433,Patricia Nguyễn,not-an-email,TAX-775774,2208 Oak Ave, UK,19055,20260304
1114,André Garcia,,TAX-361792,8798 Main St,US,62123,2026-05-28
704,William Hernandez,,TAX-846386,9432 Main St,FR,88960,20260702
1291,Müller Lopez,müller.lopez@acme.com,0000000000,8773 Oak Ave,IN,39274,
1291,Müller Lopez,müller.lopez@acme.com,???,8773 Oak Ave,,39274,2026
568,Thomas-Hernandez,thomas.hernandez@,,221 Oak Ave,,62595,2026-06-26
774,Björn Williams,björn.williams@acme.com,,418 Main St,,61516,20260717
305,André Lopez,andré.lopez@mail.com,TAX-906384,3430 Main St,,93265,2026-07-09
533,Renée Øst,renée.øst@globex.co,TAX-307866,7165 Oak Ave,IN,50228,20260119
533,Renée Øst,renée.øst@globex.co,TAX-307866,7165 Oak Ave, IN,50228,07/16/2026
533,Renée Øst,renée.øst@globex.co,TAX-307866,7165 Oak Ave,XX,50228,20260305
533,Renée Øst,renée.øst@globex.co,N/A,7165 Oak Ave,XX,50228,13/45/2026
533,Renée Øst,not-an-email,TAX-307866,7165 Oak Ave,IN,50228,not-a-date
533,renée øst,@example.com,TAX-307866,7165 Oak Ave,,50228,2026
533,Renée Øst,,TAX-307866,7165 Oak Ave,IN,50228,2026
533,Renée Ø.,renée.øst@globex.co,TAX-,7165 Oak Ave,IN,50228,
219,Mary García,mary.garcía@mail.com,TAX-449096,6943 Oak Ave,IN,80500,2026-02-08
641,Sarah Gonzalez,sarah.gonzalez@acme.com,TAX-887752,6447 Oak Ave,CA,45318,06/23/2026
641,Sarah Gonzalez,sarah.gonzalez@acme.com,TAX-887752,6447 Oak Ave,CA,45318,06/01/2026
641,Sarah Gonzalez,sarah.gonzalez@acme.com,,6447 Oak Ave,CA,45318,20260603
1151,William Williams,not-an-email,TAX-635214,8153 Main St,AU,27951,13/45/2026
45,Björn Anderson,björn.anderson@acme.com,TAX-292237,8590 Oak Ave,BR,67954,2026-03-19
1004,John Davis,john.davis@globex.co,,261 Main St,DE,59715,20260116
1454,Linda Øst,linda.øst @example.com,,4866 Oak Ave,,35489,13/45/2026
1454,Linda Øst,linda.øst@acme.com,TAX-815310,4866 Oak Ave,UK,35489,20260617
1395,José Smith,,TAX-235937,3034 Main St, AU,63552,20260513
1395,José Smith,josé.smith@,,3034 Main St,au,63552,13/45/2026
1049,David Jones,not-an-email,TAX-809925,4736 Main St,FR,42383,2026-01-05
1049,David Jones,david.jones@example.com,???,4736 Main St,FR,42383,20260426
1436,Håkon	O'Brien,,TAX-179018,109 Main St,DE,87426,2026-02-18
987,KAREN TAYLOR,karen.taylor @example.com,TAX-635856,9397 Main St,CA,35970,04/17/2026
957,Richard W.,,???,9904 Main St,UK,26875,not-a-date
367,André Martinez,andré.martinez@globex.co,TAX-912782,318 Main St,AU,28726,2026-07-19
367,,,,318 Main St,,28726,2026-02-12
367,André Martinez,andré.martinez@globex.co,TAX-912782,318 Main St,,28726,
194,Björn Wilson,björn.wilson@acme.com,N/A,9181 Oak Ave,AU,30265,
194,Björn-Wilson,björn.wilson@acme.com,TAX-90830,9181 Oak Ave,AU,30265,
491,James Johnson,james.johnson@mail.com,TAX-,2730 Main St,UK,43017,2026
491,James	Johnson,not-an-email,TAX-403099,2730 Main St, CA,43017,2026-04-07
804,,sarah.lopez@example.com,TAX-278966,5838 Oak Ave,FR,14696,06/13/2026
804,S. Lopez,not-an-email,TAX-,5838 Oak Ave,FR,14696,05/28/2026
804,Sarah Lopez,not-an-email,TAX-278966,5838 Oak Ave,FR,14696,2026-04-15
804,Sarah Lopez,sarah.lopez@example.com,TAX-278966,5838 Oak Ave,FR,14696,not-a-date
804,Sarah Lopez,sarah.lopez @example.com,TAX-278966,5838 Oak Ave,,14696,20260204
1148,LINDA JOHNSON,linda.johnson@example.com,TAX-469683,8144 Main St,,20242,2026-02-13
973,Charles Van Der Berg,not-an-email,TAX-150574,4569 Main St,AU,73334,20260125
1420,Sarah Hernandez,sarah.hernandez@globex.co,TAX-379017,2825 Oak Ave,ca,30165,01/19/2026
668,Jessica M.,jessica.moore@example.com,TAX-,1239 Main St,AU,29327,2026-01-02
316,James Johnson,james.johnson@mail.com,TAX-595007,4259 Oak Ave,FR,32831,2026-02-15
316,James Johnson,james.johnson@mail.com,TAX-595007,4259 Oak Ave,FR,32831,06/04/2026
316,JAMES JOHNSON,,TAX-595007,4259 Oak Ave,FR,32831,06/04/2026
316,J. Johnson,james.johnson@mail.com,TAX-595007,4259 Oak Ave,FR,32831,2026
316,James Johnson,james.johnson@,TAX-595007,4259 Oak Ave, AU,32831,
316,James Johnson,james.johnson@mail.com,N/A,4259 Oak Ave,,32831,07/15/2026
316,James Johnson,james.johnson@mail.com,TAX-595007,4259 Oak Ave,FR,32831,not-a-date
316,James	Johnson,james.johnson@,TAX-595007,4259 Oak Ave,FR,32831,2026-03-13
83,Robert Wilson,,,7648 Main St,FR,46271,20260414
234,Jennifer	Smith,,TAX-63109,4268 Oak Ave,US,11000,05/10/2026
1459,Michael Taylor,michael.taylor@acme.com,TAX-408193,5267 Main St,UK,45682,2026
1274,Richard Davis,richard.davis@acme.com,TAX-431426,8172 Main St,de,73968,2026-01-19
1274,Richard Davis,,TAX-431426,8172 Main St,UK,73968,20260601
357,Barbara Johnson,barbara.johnson@example.com,,7413 Main St,,92270,07/08/2026
114,Joseph Williams,,TAX-803239,8544 Oak Ave,CA,15293,20260411
114,Joseph Williams,@example.com,,8544 Oak Ave,CA,15293,not-a-date
114,Joseph Williams,joseph.williams@globex.co,TAX-803239,8544 Oak Ave,XX,15293,
1357,Jennifer Nguyễn,jennifer.nguyễn@globex.co,TAX-966044,1654 Main St,us,35062,
1114,Mary O'Brien,mary.obrien@acme.com,TAX-205632,1689 Oak Ave, AU,61732,0000-00-00
80,Sarah Johnson,,TAX-842017,2215 Main St,BR,62174,06/10/2026
240,Karen Martin,karen.martin@acme.com,TAX-266639,6556 Oak Ave,FR,59249,20260112
1325,José	Anderson,josé.anderson@example.com,TAX-138651,2167 Oak Ave,US,34394,2026-02-02
1389,José-Fürst,josé.fürst@mail.com,0000000000,1501 Main St,DE,71868,20260327
981,Nguyễn O'Brien,not-an-email,TAX-784861,3528 Oak Ave,US,21877,2026-06-01
345,  Barbara Martin  ,barbara.martin@mail.com,TAX-627967,8711 Oak Ave,IN,53620,2026-02-06
1016,,françois.thomas@mail.com,TAX-448028,7426 Main St,AU,94325,2026
8,Jennifer Müller,jennifer.müller@example.com,TAX-438331,9133 Oak Ave,UK,96316,20260104
8,Jennifer	Müller,jennifer.müller@example.com,,9133 Oak Ave,in,96316,20260702
902,Søren Martinez,søren.martinez @example.com,,5807 Oak Ave,XX,95126,2026-05-06
258,NGUYỄN BROWN,nguyễn.brown@mail.com,TAX-563474,5327 Oak Ave,BR,86647,
258,Nguyễn Brown,nguyễn.brown@@example.com,TAX-563474,5327 Oak Ave,,86647,06/11/2026
258,Nguyễn	Brown,,TAX-563474,5327 Oak Ave,,86647,2026-06-04
1178,Mary Fürst,,0000000000,9214 Main St,in,47300,2026-04-16
1123,Patricia Taylor,patricia.taylor @example.com,TAX-870740,9609 Main St,XX,74921,20260517
1291,Patricia Davis,patricia.davis@example.com,TAX-123736,9891 Main St,US,37402,2026-06-18
885,Robert García,robert.garcía@globex.co,TAX-260750,7152 Main St,US,93625,2026-07-18
30,  Michael Müller  ,michael.müller@mail.com,,2846 Oak Ave,BR,79422,
504,  Charles Martinez  ,not-an-email,TAX-819524,3134 Oak Ave,XX,66708,06/19/2026
279,Karen M.,,TAX-356975,8448 Oak Ave,de,89971,2026-04-18
372,Linda D.,linda.davis@mail.com,???,3162 Oak Ave,UK,12685,06/01/2026
1441,Håkon Williams,,TAX-590824,9421 Oak Ave,de,24843,13/45/2026
1441,HÅKON WILLIAMS,håkon.williams@globex.co,TAX-590824,9421 Oak Ave,,24843,13/45/2026
1441,Håkon Williams,håkon.williams@,,9421 Oak Ave,US,24843,07/04/2026
727,WILLIAM DAVIS,william.davis @example.com,???,6026 Main St,in,98388,20260603
727,William-Davis,william.davis@example.com,0000000000,6026 Main St,US,98388,04/04/2026
1479,Jennifer Miller,,TAX-637179,6705 Oak Ave,DE,27640,2026-06-10
472,Jessica Garcia,not-an-email,TAX-571770,776 Oak Ave,IN,47381,20260101
1043,Sarah O'Brien,sarah.obrien @example.com,0000000000,8909 Main St,AU,17095,03/10/2026
1473,Renée Nguyễn,@example.com,TAX-627774,5563 Main St,,93871,0000-00-00
1473,Renée Nguyễn,renée.nguyễn@mail.com,TAX-627774,5563 Main St,,93871,2026
1473,Renée Nguyễn,renée.nguyễn@mail.com,,5563 Main St,UK,93871,2026-02-06
1473,Renée Nguyễn,renée.nguyễn@mail.com,0000000000,5563 Main St,UK,93871,20260303
1473,Renée Nguyễn,renée.nguyễn@mail.com,TAX-627774,5563 Main St,UK,93871,05/07/2026
1473,  Renée Nguyễn  ,,TAX-627774,5563 Main St,UK,93871,02/03/2026
1473,  Renée Nguyễn  ,,TAX-,5563 Main St,UK,93871,
1473,Renée Nguyễn,,TAX-627774,5563 Main St,UK,93871,04/21/2026
62,Müller Lopez,müller.lopez@globex.co,TAX-275834,801 Oak Ave,XX,81836,02/02/2026
383,Robert Nguyễn,robert.nguyễn@globex.co,TAX-856891,9379 Main St,CA,20516,20260513
707,André Martin,andré.martin@,TAX-418057,7231 Main St,DE,42587,not-a-date
707,André Martin,andré.martin@,TAX-418057,7231 Main St,DE,42587,04/13/2026
707,André-Martin,andré.martin@,TAX-418057,7231 Main St,DE,42587,03/23/2026
239,,barbara.anderson@globex.co,TAX-826007,5507 Main St,uk,85726,2026-01-04
239,B. Anderson,barbara.anderson@,???,5507 Main St,XX,85726,
239,Barbara Anderson,not-an-email,TAX-826007,5507 Main St,FR,85726,13/45/2026
239,Barbara Anderson,barbara.anderson@globex.co,TAX-826007,5507 Main St,,85726,20260716
239,Barbara Anderson,barbara.anderson@globex.co,TAX-826007,5507 Main St,FR,85726,13/45/2026
239,Barbara-Anderson,barbara.anderson@globex.co,TAX-826007,5507 Main St,FR,85726,13/45/2026
239,Barbara Anderson,barbara.anderson@globex.co,N/A,5507 Main St,XX,85726,20260718
239,B. Anderson,barbara.anderson@,,5507 Main St,FR,85726,2026
1371,Karen W.,karen.wilson@,TAX-280335,2550 Main St,AU,99825,01/21/2026
438,Jessica Jackson,,TAX-951172,2600 Oak Ave,BR,33273,02/19/2026
438,Jessica Jackson,,TAX-951172,2600 Oak Ave,BR,33273,03/10/2026
509,Müller Gonzalez,müller.gonzalez@@example.com,TAX-309501,5010 Main St,,35651,02/01/2026
90,Jennifer Nguyễn,jennifer.nguyễn@mail.com,TAX-523480,1491 Oak Ave,DE,10878,2026-03-04
90,Jennifer Nguyễn,jennifer.nguyễn@mail.com,N/A,1491 Oak Ave,DE,10878,20260505
90,Jennifer Nguyễn,jennifer.nguyễn@mail.com,TAX-523480,1491 Oak Ave,DE,10878,13/45/2026
90,Jennifer Nguyễn,,TAX-523480,1491 Oak Ave,DE,10878,
90,Jennifer Nguyễn,jennifer.nguyễn@mail.com,TAX-523480,1491 Oak Ave,DE,10878,20260408
90,Jennifer Nguyễn,jennifer.nguyễn@mail.com,TAX-523480,1491 Oak Ave,DE,10878,01/20/2026
90,Jennifer N.,jennifer.nguyễn@mail.com,TAX-523480,1491 Oak Ave,DE,10878,2026-04-04
90,Jennifer Nguyễn,jennifer.nguyễn@mail.com,TAX-523480,1491 Oak Ave,DE,10878,2026-03-05
740,Søren Anderson,søren.anderson@example.com,TAX-699901,4820 Oak Ave,,98048,2026-07-16
227,Karen Hernandez,karen.hernandez@,0000000000,9640 Main St,,74028,13/45/2026
838,J. Miller,james.miller@example.com,0000000000,6885 Main St,,73481,20260418
425,Thomas M.,thomas.miller@mail.com,TAX-333916,6911 Oak Ave,CA,97480,0000-00-00
805,Robert Hernandez,not-an-email,TAX-711783,9890 Main St,XX,16531,20260317
805,Robert Hernandez,robert.hernandez@mail.com,,9890 Main St,IN,16531,03/03/2026
2,NGUYỄN MARTIN,nguyễn.martin@globex.co,N/A,8639 Oak Ave, DE,31993,2026-05-18
2,nguyễn martin,not-an-email,TAX-162508,8639 Oak Ave,BR,31993,0000-00-00
776,R. Smith,robert.smith@globex.co,???,2795 Main St,CA,54314,04/03/2026
776,Robert Smith,robert.smith@globex.co,TAX-798173,2795 Main St,CA,54314,07/03/2026
776,  Robert Smith  ,robert.smith@globex.co,TAX-798173,2795 Main St,CA,54314,02/11/2026
776,Robert Smith,robert.smith@globex.co,N/A,2795 Main St,CA,54314,01/23/2026
776,Robert Smith,robert.smith@globex.co,TAX-798173,2795 Main St,,54314,06/25/2026
110,Sarah Gonzalez,not-an-email,N/A,6512 Main St,IN,65421,13/45/2026
322,John-Williams,john.williams@,TAX-597067,6635 Oak Ave,,39728,2026-01-19
234,,jessica.øst@mail.com,TAX-459950,5902 Main St,CA,94562,05/14/2026
525,Jennifer-Nguyễn,jennifer.nguyễn @example.com,N/A,3922 Main St,,47725,05/07/2026
996,Michael Taylor,not-an-email,???,9423 Oak Ave,CA,69262,2026-02-27
996,MICHAEL TAYLOR,michael.taylor@mail.com,TAX-,9423 Oak Ave,uk,69262,20260222
996,Michael Taylor,michael.taylor@mail.com,TAX-931250,9423 Oak Ave,,69262,
996,Michael Taylor,michael.taylor@mail.com,TAX-931250,9423 Oak Ave,,69262,20260401
996,michael taylor,,N/A,9423 Oak Ave,,69262,not-a-date
511,Richard O'Brien,richard.obrien@@example.com,TAX-630022,38 Main St,BR,24149,2026-05-01
797,Charles Martin,charles.martin@globex.co,,1155 Oak Ave, US,97874,2026-05-13
797,Charles Martin,charles.martin@globex.co,TAX-290353,1155 Oak Ave,IN,97874,03/06/2026
797,Charles Martin,charles.martin@globex.co,TAX-290353,1155 Oak Ave,IN,97874,20260121
797,Charles Martin,,TAX-290353,1155 Oak Ave, CA,97874,2026-05-12
797,Charles Martin,charles.martin@@example.com,TAX-290353,1155 Oak Ave, IN,97874,2026-01-01
1297,,charles.johnson@mail.com,TAX-685637,147 Main St,CA,60422,
1287,JOSEPH GARCÍA,joseph.garcía@mail.com,TAX-578313,2127 Main St,IN,74291,not-a-date
311,Barbara Martinez,,N/A,7930 Main St,IN,54546,04/11/2026
24,  Nguyễn Brown  ,nguyễn.brown@example.com,TAX-503993,7174 Oak Ave,FR,81233,2026-04-11
590,Karen Moore,karen.moore@acme.com,TAX-703068,6460 Main St,CA,88379,20260725
1474,Richard Gonzalez,richard.gonzalez@example.com,0000000000,5493 Oak Ave, IN,75187,2026-01-21
1271,  William Łukasz  ,william.łukasz@acme.com,TAX-636541,515 Main St,CA,87053,2026-04-16
1152,David Anderson,david.anderson@mail.com,TAX-570065,5783 Main St,FR,40552,0000-00-00
1012,Renée Jones,renée.jones@mail.com,TAX-970533,8628 Main St,br,52103,
478,Elizabeth Martin,elizabeth.martin@mail.com,TAX-68142,1335 Main St,FR,73989,2026-03-04
478,Elizabeth Martin,elizabeth.martin@mail.com,,1335 Main St,FR,73989,
868,,françois.williams@acme.com,0000000000,6842 Oak Ave,AU,51870,20260519
839,Müller Gonzalez,müller.gonzalez@@example.com,TAX-783342,1969 Main St, AU,46089,not-a-date
427,André Anderson,andré.anderson@example.com,TAX-630200,897 Main St,CA,13900,04/06/2026
427,André Anderson,andré.anderson@example.com,,897 Main St,CA,13900,not-a-date
427,André Anderson,,TAX-630200,897 Main St,CA,13900,2026-02-14
427,André Anderson,andré.anderson@example.com,TAX-630200,897 Main St, CA,13900,06/22/2026
427,André-Anderson,@example.com,N/A,897 Main St,CA,13900,20260324
427,André A.,,TAX-,897 Main St,CA,13900,13/45/2026
427,André Anderson,andré.anderson@example.com,TAX-630200,897 Main St,XX,13900,2026
427,André Anderson,andré.anderson@example.com,0000000000,897 Main St,CA,13900,20260122
674,Charles Jones,charles.jones@example.com,TAX-192585,8808 Oak Ave,in,74714,2026-02-21
425,John-García,john.garcía@acme.com,TAX-402986,1478 Oak Ave,IN,61943,0000-00-00
573,David	Johnson,,TAX-524667,6029 Oak Ave,US,18844,2026-07-22
657,José Brown,not-an-email,TAX-206727,9567 Oak Ave, US,26462,
1416,Richard Lopez,richard.lopez@,TAX-321497,667 Main St,AU,83815,0000-00-00
1416,Richard-Lopez,richard.lopez@acme.com,TAX-321497,667 Main St,AU,83815,
663,BJÖRN MARTINEZ,björn.martinez@globex.co,0000000000,734 Main St,CA,15291,04/21/2026
618,Søren Smith,søren.smith@globex.co,TAX-517554,5275 Main St,AU,19581,2026-04-26
1102,linda anderson,linda.anderson@example.com,TAX-395715,8345 Main St,,86345,2026-01-27
854,Renée Williams,renée.williams@mail.com,TAX-,3335 Oak Ave,XX,41329,02/04/2026
592,Sarah Hernandez,sarah.hernandez@globex.co,TAX-,8848 Main St,XX,27336,2026-05-23
794,Elizabeth-Brown,elizabeth.brown @example.com,,3732 Oak Ave,uk,13203,04/15/2026
1070,Robert Müller,not-an-email,???,8740 Oak Ave,US,73597,
438,Joseph Gonzalez,joseph.gonzalez@@example.com,TAX-863702,2275 Oak Ave,XX,21899,20260625
400,François Lopez,françois.lopez@acme.com,TAX-488928,4592 Oak Ave,US,40366,20260128
1338,andré müller,andré.müller@mail.com,TAX-450440,6619 Main St,CA,50316,20260618
844,Håkon Lopez,håkon.lopez@acme.com,TAX-518247,182 Main St,IN,83102,20260117
129,Joseph Williams,joseph.williams@globex.co,TAX-920582,8281 Oak Ave,UK,55801,05/26/2026
1044,Renée Hernandez,renée.hernandez@mail.com,TAX-985300,2203 Main St,IN,60556,20260327
1013,Müller Müller,müller.müller@globex.co,TAX-,5887 Main St,FR,45567,2026-03-17
1013,Müller-Müller,müller.müller@globex.co,TAX-262544,5887 Main St,XX,45567,20260405
1013,,müller.müller@@example.com,TAX-262544,5887 Main St,FR,45567,20260606
1013,Müller-Müller,not-an-email,TAX-262544,5887 Main St,FR,45567,2026-01-17
1013,Müller Müller,müller.müller@globex.co,N/A,5887 Main St,FR,45567,20260528
1022,Renée Rodriguez,,,2410 Oak Ave,BR,75041,20260226
235,Karen Miller,karen.miller@globex.co,0000000000,2946 Oak Ave,XX,16662,0000-00-00
235,Karen-Miller,karen.miller@,TAX-809209,2946 Oak Ave,UK,16662,2026-06-14
235,K. Miller,not-an-email,TAX-809209,2946 Oak Ave,UK,16662,20260618
235,karen miller,karen.miller@globex.co,TAX-809209,2946 Oak Ave,UK,16662,
235,Karen Miller,karen.miller@globex.co,TAX-809209,2946 Oak Ave,,16662,
235,Karen Miller,karen.miller@globex.co,TAX-809209,2946 Oak Ave,UK,16662,06/25/2026
235,Karen Miller,karen.miller@globex.co,TAX-809209,2946 Oak Ave,UK,16662,13/45/2026
235,Karen Miller,karen.miller@globex.co,TAX-809209,2946 Oak Ave,fr,16662,20260402
1343,Susan Martin,not-an-email,TAX-680599,2889 Oak Ave,,52731,2026-03-18
872,Thomas R.,thomas.rodriguez@mail.com,TAX-323095,3681 Oak Ave,fr,95624,not-a-date
1360,Søren Hernandez,,TAX-364268,737 Main St,IN,53196,not-a-date
1360,Søren Hernandez,,N/A,737 Main St,IN,53196,
1360,SØREN HERNANDEZ,søren.hernandez@mail.com,???,737 Main St,IN,53196,20260522
885,Renée Jackson,renée.jackson@mail.com,TAX-533692,9522 Main St,in,51945,2026-01-25
1387,Joseph Müller,,TAX-664590,498 Main St,IN,16281,04/24/2026
1387,Joseph Müller,joseph.müller@mail.com,TAX-,498 Main St,IN,16281,
1387,Joseph Müller,not-an-email,TAX-664590,498 Main St,,16281,2026-02-09
1387,Joseph Müller,joseph.müller@,TAX-664590,498 Main St,IN,16281,20260226
1387,Joseph M.,joseph.müller@mail.com,N/A,498 Main St,IN,16281,2026-02-04
1387,Joseph Müller,joseph.müller@mail.com,TAX-664590,498 Main St,de,16281,01/28/2026
1387,Joseph	Müller,joseph.müller@mail.com,TAX-664590,498 Main St,ca,16281,02/16/2026
1387,Joseph Müller,joseph.müller@mail.com,TAX-664590,498 Main St,,16281,2026-06-20
415,,linda.jones@acme.com,TAX-781554,8367 Main St,DE,43639,2026-02-10
415,Linda	Jones,linda.jones @example.com,,8367 Main St,DE,43639,2026-03-25
415,Linda Jones,linda.jones@acme.com,TAX-781554,8367 Main St,DE,43639,2026-01-06
415,Linda Jones,linda.jones@,0000000000,8367 Main St,DE,43639,20260418
415,Linda Jones,linda.jones@acme.com,TAX-781554,8367 Main St,in,43639,2026-07-12
415,Linda-Jones,linda.jones@acme.com,TAX-781554,8367 Main St, UK,43639,20260701
415,Linda Jones,@example.com,TAX-781554,8367 Main St,DE,43639,06/26/2026
415,Linda	Jones,linda.jones@@example.com,TAX-781554,8367 Main St,DE,43639,2026-03-25
282,Susan Smith,susan.smith@acme.com,TAX-790521,3410 Main St,UK,50018,2026-02-11
11,  Robert Fürst  ,robert.fürst@example.com,TAX-692013,9691 Main St,BR,25685,20260123
1237,Jessica Jackson,jessica.jackson@globex.co,TAX-84317,2983 Oak Ave,XX,60606,20260510
252,  Linda Miller  ,@example.com,0000000000,9379 Oak Ave,BR,47385,20260114
252,,linda.miller@example.com,TAX-980832,9379 Oak Ave,,47385,20260427
252,Linda Miller,linda.miller@example.com,TAX-980832,9379 Oak Ave,BR,47385,
1432,François Lopez,françois.lopez@mail.com,TAX-916058,9918 Oak Ave,FR,63315,not-a-date
17,Patricia Lopez,patricia.lopez@mail.com,0000000000,9424 Oak Ave,BR,94254,04/07/2026
17,Patricia Lopez,not-an-email,0000000000,9424 Oak Ave,,94254,2026-03-20
17,Patricia-Lopez,patricia.lopez@mail.com,,9424 Oak Ave,BR,94254,20260526
651,William Gonzalez,william.gonzalez@acme.com,N/A,6320 Main St,XX,45462,2026-01-08
651,William Gonzalez,william.gonzalez@acme.com,TAX-893261,6320 Main St,BR,45462,not-a-date
651,William Gonzalez,william.gonzalez@acme.com,N/A,6320 Main St,BR,45462,
682,JENNIFER ØST,jennifer.øst@,,7846 Oak Ave,FR,87681,01/26/2026
463,karen lopez,karen.lopez@@example.com,TAX-805596,3025 Main St,FR,68571,03/22/2026
463,Karen Lopez,karen.lopez@globex.co,TAX-805596,3025 Main St,FR,68571,20260309
1251,Robert Hernandez,,,7528 Oak Ave,IN,66353,0000-00-00
470,andré müller,andré.müller@acme.com,TAX-503180,2661 Main St,US,37132,0000-00-00
579,  Robert Moore  ,@example.com,TAX-597655,2099 Main St,US,89075,13/45/2026
579,Robert Moore,robert.moore@mail.com,0000000000,2099 Main St,US,89075,20260328
579,Robert Moore,@example.com,TAX-597655,2099 Main St,US,89075,05/20/2026
1399,RICHARD MÜLLER,richard.müller@mail.com,TAX-,7955 Main St,CA,36775,01/21/2026
1399,Richard Müller,richard.müller@mail.com,0000000000,7955 Main St,CA,36775,13/45/2026
1399,Richard Müller,richard.müller@mail.com,N/A,7955 Main St,CA,36775,2026-02-19
1159,john jackson,john.jackson@globex.co,TAX-635409,4442 Main St,UK,27982,20260623
255,PATRICIA BROWN,patricia.brown@mail.com,TAX-819616,5734 Main St,BR,22386,04/09/2026
255,Patricia Brown,patricia.brown@mail.com,TAX-819616,5734 Main St,,22386,07/08/2026
255,P. Brown,,TAX-819616,5734 Main St, BR,22386,13/45/2026
255,Patricia B.,patricia.brown@mail.com,TAX-819616,5734 Main St,,22386,0000-00-00
255,Patricia Brown,patricia.brown@mail.com,N/A,5734 Main St,,22386,0000-00-00
532,JOSÉ HERNANDEZ,josé.hernandez@mail.com,TAX-983329,8766 Oak Ave,US,95403,
1139,Linda Gonzalez,linda.gonzalez@@example.com,TAX-115585,3955 Main St,IN,16307,20260528
586,LINDA JACKSON,linda.jackson@,TAX-377804,9230 Main St,,71828,0000-00-00
632,Linda Martin,not-an-email,TAX-623727,3120 Oak Ave,IN,67610,0000-00-00
841,Müller Müller,müller.müller@mail.com,TAX-477912,8647 Main St,,26363,20260205
1048,M. Garcia,müller.garcia@globex.co,TAX-683005,6013 Main St,UK,33620,02/22/2026
146,Elizabeth	Jones,elizabeth.jones@acme.com,TAX-736034,5148 Oak Ave,FR,21567,06/04/2026
1097,Sarah Johnson,sarah.johnson@acme.com,,9646 Main St, BR,34832,13/45/2026
1097,Sarah Johnson,sarah.johnson@acme.com,,9646 Main St,US,34832,13/45/2026
1094,William Łukasz,william.łukasz@@example.com,???,2809 Oak Ave,XX,64859,05/21/2026
1094,William	Łukasz,william.łukasz@acme.com,,2809 Oak Ave,UK,64859,2026-05-08
224,Patricia Müller,@example.com,N/A,1229 Oak Ave,AU,81634,20260403
483,Robert-Smith,@example.com,TAX-,3197 Oak Ave,US,19027,2026-01-09
696,david wilson,david.wilson@mail.com,???,2578 Oak Ave,US,64108,20260118
802,John-Fürst,john.fürst@globex.co,TAX-848807,1970 Main St,DE,99685,2026-03-06
802,John Fürst,@example.com,TAX-848807,1970 Main St, BR,99685,
802,John Fürst,,0000000000,1970 Main St,DE,99685,2026-02-16
802,  John Fürst  ,john.fürst@globex.co,TAX-848807,1970 Main St,DE,99685,2026-03-22
802,John	Fürst,john.fürst@globex.co,TAX-,1970 Main St,DE,99685,not-a-date
802,John Fürst,john.fürst @example.com,TAX-848807,1970 Main St,XX,99685,
802,John F.,john.fürst@globex.co,TAX-848807,1970 Main St,,99685,2026-05-24
802,J. Fürst,john.fürst@globex.co,TAX-848807,1970 Main St,DE,99685,
1101,Sarah O'Brien,sarah.obrien@example.com,,7032 Main St,US,11845,
1101,Sarah O'Brien,sarah.obrien@example.com,TAX-847495,7032 Main St,US,11845,20260223
1101,sarah o'brien,not-an-email,TAX-847495,7032 Main St,,11845,20260309
1101,Sarah O'Brien,sarah.obrien@example.com,TAX-847495,7032 Main St,,11845,06/18/2026
1101,Sarah O'Brien,,TAX-847495,7032 Main St,US,11845,not-a-date
859,Richard Martinez,richard.martinez@example.com,TAX-392895,7967 Main St,UK,74381,2026-06-04
1247,François Lopez,@example.com,TAX-953117,5349 Main St,us,86643,20260718
1241,John Müller,john.müller@example.com,TAX-754552,2949 Oak Ave, US,61023,06/27/2026
1241,John Müller,john.müller@@example.com,,2949 Oak Ave,UK,61023,13/45/2026
1241,,john.müller@example.com,TAX-754552,2949 Oak Ave,XX,61023,04/06/2026
1241,John Müller,,,2949 Oak Ave,UK,61023,02/26/2026
1241,John Müller,john.müller@example.com,N/A,2949 Oak Ave,UK,61023,2026-02-02
1441,Karen	Garcia,karen.garcia@example.com,TAX-25772,6646 Main St,US,10870,2026-05-17
282,José-Jackson,josé.jackson @example.com,,6791 Oak Ave,DE,32861,2026-07-20
56,Richard O'Brien,richard.obrien@globex.co,TAX-389412,5569 Oak Ave,br,91962,07/21/2026
56,Richard O'Brien,richard.obrien@globex.co,0000000000,5569 Oak Ave,CA,91962,20260210
56,Richard O.,richard.obrien@globex.co,TAX-389412,5569 Oak Ave,ca,91962,02/06/2026
56,Richard O'Brien,richard.obrien@globex.co,TAX-389412,5569 Oak Ave,CA,91962,02/01/2026
56,  Richard O'Brien  ,@example.com,TAX-389412,5569 Oak Ave,in,91962,04/28/2026
411,C. Jones,charles.jones@example.com,N/A,34 Oak Ave,UK,52809,0000-00-00
1230,Michael Ł.,michael.łukasz@globex.co,TAX-766046,129 Oak Ave,AU,51812,20260102
1010,Müller L.,müller.lopez@globex.co,TAX-907707,6040 Main St,,47207,13/45/2026
969,Björn Lopez,björn.lopez@,,4816 Main St,XX,17185,03/16/2026
1480,Linda Martin,,TAX-573450,9734 Oak Ave, IN,44614,20260209
499,Patricia Rodriguez,patricia.rodriguez@,0000000000,2501 Main St,us,12396,20260618
499,Patricia Rodriguez,patricia.rodriguez@acme.com,TAX-514808,2501 Main St,FR,12396,0000-00-00
499,patricia rodriguez,patricia.rodriguez@acme.com,TAX-514808,2501 Main St,FR,12396,20260604
103,Robert	Gonzalez,robert.gonzalez@mail.com,TAX-310204,9461 Oak Ave,IN,72549,
1468,Joseph-Hernandez,joseph.hernandez@acme.com,TAX-311745,6248 Main St,XX,61513,20260511
1468,Joseph Hernandez,joseph.hernandez@acme.com,TAX-,6248 Main St,IN,61513,2026-03-22
1468,Joseph Hernandez,joseph.hernandez@acme.com,N/A,6248 Main St,IN,61513,07/01/2026
1030,Charles Johnson,charles.johnson@acme.com,TAX-656781,5125 Main St,fr,72913,03/11/2026
555,Jennifer García,,TAX-638989,364 Oak Ave,UK,89113,not-a-date
520,T. Martin,thomas.martin@example.com,TAX-23855,9092 Main St,IN,61091,2026-07-12
520,Thomas Martin,thomas.martin@example.com,TAX-23855,9092 Main St,XX,61091,
1301,M. Nguyễn,michael.nguyễn@mail.com,TAX-835557,2407 Oak Ave,XX,20238,
1457,Jessica Rodriguez,jessica.rodriguez@mail.com,TAX-733422,909 Oak Ave,AU,16893,2026-02-26
1457,Jessica Rodriguez,not-an-email,TAX-733422,909 Oak Ave,AU,16893,2026
1457,Jessica Rodriguez,jessica.rodriguez@mail.com,TAX-733422,909 Oak Ave,XX,16893,
1457,jessica rodriguez,jessica.rodriguez@mail.com,TAX-733422,909 Oak Ave,AU,16893,0000-00-00
1457,Jessica Rodriguez,jessica.rodriguez@mail.com,N/A,909 Oak Ave,XX,16893,20260410
1457,Jessica Rodriguez,jessica.rodriguez@mail.com,TAX-733422,909 Oak Ave,AU,16893,not-a-date
1457,Jessica Rodriguez,jessica.rodriguez@mail.com,TAX-733422,909 Oak Ave,AU,16893,2026
1457,Jessica Rodriguez,jessica.rodriguez@mail.com,TAX-733422,909 Oak Ave, CA,16893,04/24/2026
1350,Jessica Jackson,jessica.jackson @example.com,TAX-817205,9629 Oak Ave,IN,97570,03/27/2026
1350,,jessica.jackson @example.com,N/A,9629 Oak Ave,,97570,2026-01-13
1350,Jessica Jackson,jessica.jackson@mail.com,TAX-817205,9629 Oak Ave,,97570,20260605
1480,Sarah Anderson,sarah.anderson @example.com,TAX-180586,8835 Main St,,80377,2026-03-10
1480,SARAH ANDERSON,sarah.anderson@mail.com,???,8835 Main St, FR,80377,
1480,,sarah.anderson @example.com,TAX-180586,8835 Main St,XX,80377,0000-00-00
1480,Sarah Anderson,sarah.anderson@@example.com,TAX-180586,8835 Main St,DE,80377,2026-04-23
1480,Sarah Anderson,sarah.anderson@mail.com,,8835 Main St,DE,80377,06/02/2026
1480,Sarah Anderson,sarah.anderson@mail.com,TAX-180586,8835 Main St,,80377,
1480,Sarah Anderson,sarah.anderson@mail.com,TAX-180586,8835 Main St,DE,80377,not-a-date
1480,Sarah Anderson,sarah.anderson@mail.com,TAX-180586,8835 Main St,DE,80377,2026-02-15
1102,,håkon.martinez@acme.com,,9685 Oak Ave,CA,73981,
739,LINDA ØST,linda.øst@acme.com,TAX-213687,5605 Oak Ave,UK,17392,not-a-date
114,S. Nguyễn,susan.nguyễn@@example.com,TAX-805256,9825 Oak Ave,AU,21995,not-a-date
114,Susan Nguyễn,susan.nguyễn@acme.com,TAX-805256,9825 Oak Ave,XX,21995,2026-04-23
114,Susan Nguyễn,not-an-email,N/A,9825 Oak Ave, AU,21995,20260112
114,Susan Nguyễn,susan.nguyễn@@example.com,,9825 Oak Ave,,21995,05/06/2026
114,Susan Nguyễn,@example.com,TAX-805256,9825 Oak Ave,AU,21995,0000-00-00
114,Susan Nguyễn,susan.nguyễn@acme.com,TAX-805256,9825 Oak Ave,AU,21995,2026
114,Susan Nguyễn,susan.nguyễn@acme.com,TAX-,9825 Oak Ave,AU,21995,20260712
114,Susan Nguyễn,susan.nguyễn@acme.com,TAX-805256,9825 Oak Ave,AU,21995,2026
328,Håkon Wilson,håkon.wilson@mail.com,N/A,397 Oak Ave,,56689,13/45/2026
1480,ELIZABETH GONZALEZ,elizabeth.gonzalez @example.com,TAX-29131,4080 Main St,BR,40762,01/24/2026
1198,KAREN ŁUKASZ,karen.łukasz@globex.co,TAX-644307,4220 Oak Ave,CA,16609,
944,NGUYỄN FÜRST,nguyễn.fürst@acme.com,TAX-732125,496 Main St,DE,18389,2026
1491,Björn Jackson,björn.jackson@acme.com,0000000000,398 Main St, BR,54169,0000-00-00
242,S. Wilson,sarah.wilson@mail.com,TAX-466006,1935 Main St,XX,55204,2026-07-10
596,david garcia,david.garcia@mail.com,TAX-923246,2193 Oak Ave,DE,90590,07/22/2026
1455,William Miller,william.miller@example.com,TAX-80731,4350 Oak Ave,ca,19525,20260705
309,Linda-Williams,,TAX-991491,7544 Oak Ave,IN,45653,2026-06-04
306,M. Berg,,TAX-785048,5806 Oak Ave,,14789,
306,Michael Van Der Berg,michael.van.der.berg@mail.com,TAX-785048,5806 Oak Ave,US,14789,01/04/2026
306,Michael-Berg,michael.van.der.berg@mail.com,TAX-785048,5806 Oak Ave,US,14789,2026
306,Michael Van Der Berg,,TAX-785048,5806 Oak Ave,US,14789,20260403
306,Michael Van Der Berg,,TAX-785048,5806 Oak Ave,US,14789,07/19/2026
306,Michael Van Der Berg,michael.van.der.berg@mail.com,TAX-785048,5806 Oak Ave,US,14789,20260215
306,Michael Van Der Berg,michael.van.der.berg@mail.com,TAX-785048,5806 Oak Ave,US,14789,2026
306,Michael Van Der Berg,michael.van.der.berg@mail.com,TAX-785048,5806 Oak Ave,XX,14789,13/45/2026
1191,José O'Brien,josé.obrien@acme.com,,9060 Oak Ave,BR,64697,not-a-date
1191,José O'Brien,josé.obrien@@example.com,TAX-770731,9060 Oak Ave,BR,64697,13/45/2026
801,,jessica.nguyễn@acme.com,TAX-239130,2067 Oak Ave,FR,12177,not-a-date
1428,William Van Der Berg,,N/A,3123 Oak Ave,FR,50382,0000-00-00
1428,William Van Der Berg,william.van.der.berg@,TAX-822582,3123 Oak Ave,FR,50382,2026-02-24
1428,William Van Der Berg,william.van.der.berg@acme.com,TAX-822582,3123 Oak Ave, IN,50382,20260102
1428,William Van Der Berg,william.van.der.berg@acme.com,TAX-822582,3123 Oak Ave,FR,50382,04/25/2026
1428,William-Berg,@example.com,TAX-822582,3123 Oak Ave,br,50382,0000-00-00
1428,William Van Der Berg,william.van.der.berg@acme.com,TAX-822582,3123 Oak Ave, UK,50382,20260410
1428,W. Berg,william.van.der.berg@acme.com,TAX-822582,3123 Oak Ave,FR,50382,not-a-date
1428,William Van Der Berg,william.van.der.berg@acme.com,0000000000,3123 Oak Ave,FR,50382,
877,Joseph Martinez,joseph.martinez@example.com,,7789 Oak Ave,XX,16791,02/01/2026
1148,Charles Davis,charles.davis@acme.com,TAX-714611,7960 Oak Ave,,51647,20260627
955,Zoë Anderson,not-an-email,TAX-598973,9909 Oak Ave,UK,28517,05/28/2026
955,Zoë Anderson,zoë.anderson@example.com,,9909 Oak Ave,UK,28517,2026-01-12
955,ZOË ANDERSON,,,9909 Oak Ave,UK,28517,2026-02-03
955,Zoë	Anderson,zoë.anderson@example.com,TAX-598973,9909 Oak Ave, FR,28517,2026-07-12
955,Zoë Anderson,zoë.anderson@,TAX-598973,9909 Oak Ave,br,28517,07/13/2026
955,Zoë Anderson,not-an-email,TAX-598973,9909 Oak Ave,UK,28517,2026-07-13
955,Zoë Anderson,zoë.anderson@example.com,0000000000,9909 Oak Ave,UK,28517,06/07/2026
955,Zoë Anderson,zoë.anderson@example.com,TAX-598973,9909 Oak Ave,UK,28517,20260220
763,José Jackson,josé.jackson@,TAX-822218,4228 Oak Ave,FR,38624,2026
284,Susan Łukasz,susan.łukasz @example.com,TAX-447666,5092 Main St,US,88648,2026-05-22
1102,Karen Johnson,karen.johnson@globex.co,,1836 Main St, BR,39253,07/21/2026
903,José Williams,,TAX-,1470 Main St,,97809,02/04/2026
903,José W.,,N/A,1470 Main St,IN,97809,06/04/2026
903,José Williams,josé.williams@example.com,TAX-601642,1470 Main St,IN,97809,
903,josé williams,josé.williams@example.com,,1470 Main St,,97809,2026-04-16
903,José W.,josé.williams@example.com,N/A,1470 Main St,XX,97809,05/04/2026
903,José Williams,,TAX-601642,1470 Main St,IN,97809,20260319
903,josé williams,not-an-email,TAX-601642,1470 Main St,IN,97809,02/04/2026
903,José Williams,@example.com,TAX-601642,1470 Main St,IN,97809,01/24/2026
778,karen wilson,karen.wilson@mail.com,TAX-704282,3725 Main St,DE,63643,2026
870,  John Williams  ,john.williams @example.com,TAX-867430,711 Main St,in,46349,07/16/2026
870,John Williams,john.williams@globex.co,TAX-,711 Main St,CA,46349,2026
870,J. Williams,john.williams @example.com,TAX-867430,711 Main St,,46349,20260707
870,John Williams,john.williams@globex.co,,711 Main St,CA,46349,20260101
870,John Williams,john.williams@globex.co,,711 Main St,CA,46349,2026-07-24
1098,Richard Martinez,richard.martinez@example.com,TAX-839343,2201 Oak Ave,UK,87044,04/13/2026
1098,Richard M.,richard.martinez@example.com,TAX-839343,2201 Oak Ave,XX,87044,20260416
1098,Richard Martinez,richard.martinez@example.com,TAX-839343,2201 Oak Ave,UK,87044,03/16/2026
1230,Sarah Miller,@example.com,TAX-824412,3975 Oak Ave,UK,51318,20260606
892,François Rodriguez,françois.rodriguez@,TAX-799031,6656 Main St,XX,69896,07/28/2026
517,Karen Taylor,karen.taylor@mail.com,TAX-533546,5622 Oak Ave,FR,98151,2026
913,Linda	Jones,linda.jones@mail.com,TAX-625165,1886 Main St,,25566,06/11/2026
1223,Susan Taylor,,TAX-,1325 Oak Ave,FR,53370,07/25/2026
1223,Susan Taylor,susan.taylor@acme.com,TAX-46765,1325 Oak Ave,XX,53370,0000-00-00
67,Elizabeth L.,elizabeth.lopez@example.com,TAX-603173,8680 Oak Ave,FR,12982,07/12/2026
381,Linda Moore,not-an-email,TAX-532691,2576 Oak Ave,XX,14831,
381,Linda Moore,linda.moore@acme.com,TAX-532691,2576 Oak Ave,BR,14831,05/07/2026
381,Linda Moore,linda.moore@acme.com,0000000000,2576 Oak Ave,BR,14831,13/45/2026
1416,Nguyễn Martin,nguyễn.martin@example.com,TAX-432279,3422 Oak Ave,DE,64168,0000-00-00
1451,John-Wilson,john.wilson@mail.com,TAX-732357,3083 Oak Ave,US,57259,2026-01-24
955,David Martinez,david.martinez@acme.com,TAX-190231,8615 Oak Ave,BR,86926,20260411
1241,Sarah Martin,not-an-email,TAX-51866,8409 Main St,au,69256,20260210
1241,Sarah Martin,sarah.martin @example.com,TAX-51866,8409 Main St,XX,69256,0000-00-00
1253,,josé.garcia@acme.com,???,6312 Oak Ave,FR,50436,20260607
553,  Robert Lopez  ,robert.lopez@,,563 Main St,,98687,2026-04-24
33,Søren Davis,søren.davis@acme.com,TAX-925654,8357 Oak Ave,US,13240,06/03/2026
817,José Miller,josé.miller@@example.com,N/A,161 Oak Ave,,43885,2026-02-15
647,Richard Johnson,richard.johnson@globex.co,TAX-862669,6293 Main St,,32367,13/45/2026
547,MARY WILSON,@example.com,,7029 Oak Ave,UK,30630,20260505
1411,Nguyễn Øst,nguyễn.øst @example.com,N/A,4821 Main St,UK,69920,13/45/2026
213,Joseph Taylor,not-an-email,TAX-539340,8358 Main St,CA,77960,20260325
829,Richard Brown,richard.brown@acme.com,TAX-755967,5160 Oak Ave,UK,26898,not-a-date
829,Richard Brown,richard.brown@acme.com,TAX-755967,5160 Oak Ave, BR,26898,03/13/2026
829,Richard-Brown,richard.brown@acme.com,TAX-755967,5160 Oak Ave,,26898,02/22/2026
118,Renée Rodriguez,,???,3738 Main St,DE,75253,
534,Susan Łukasz,susan.łukasz@example.com,TAX-29164,4415 Main St, DE,32513,0000-00-00
571,Müller Davis,müller.davis@globex.co,TAX-924497,38 Oak Ave,br,76370,13/45/2026
571,Müller	Davis,müller.davis@,TAX-924497,38 Oak Ave,AU,76370,
1050,Nguyễn-Hernandez,nguyễn.hernandez@mail.com,0000000000,9147 Oak Ave,FR,91085,2026-01-19
1050,Nguyễn Hernandez,nguyễn.hernandez@mail.com,TAX-816894,9147 Oak Ave,FR,91085,13/45/2026
1050,Nguyễn Hernandez,nguyễn.hernandez@mail.com,TAX-816894,9147 Oak Ave,FR,91085,2026-07-02
1050,  Nguyễn Hernandez  ,nguyễn.hernandez@mail.com,TAX-816894,9147 Oak Ave,FR,91085,2026
1050,Nguyễn Hernandez,nguyễn.hernandez@mail.com,TAX-816894,9147 Oak Ave,FR,91085,not-a-date
217,Charles Brown,charles.brown@acme.com,TAX-34497,2694 Main St,BR,85921,2026-02-04
217,Charles Brown,charles.brown@acme.com,TAX-34497,2694 Main St,BR,85921,04/08/2026
1049,Nguyễn Gonzalez,nguyễn.gonzalez@mail.com,0000000000,8333 Main St,DE,19465,20260319
290,Jessica Martinez,jessica.martinez @example.com,TAX-806731,9175 Main St,XX,86266,20260421
290,Jessica	Martinez,jessica.martinez@mail.com,TAX-806731,9175 Main St,,86266,02/27/2026
290,Jessica M.,jessica.martinez@mail.com,,9175 Main St,DE,86266,20260327
1160,Björn Martinez,björn.martinez@example.com,TAX-719750,5066 Oak Ave,BR,30167,20260104
250,Karen Williams,karen.williams@,0000000000,290 Main St,uk,80819,2026-06-15
1077,André Łukasz,andré.łukasz@globex.co,TAX-268576,6964 Oak Ave,,42269,07/20/2026
1077,André-Łukasz,andré.łukasz@globex.co,TAX-268576,6964 Oak Ave,FR,42269,20260223
1077,A. Łukasz,,TAX-268576,6964 Oak Ave,XX,42269,06/02/2026
605,Elizabeth O'Brien,elizabeth.obrien@@example.com,???,5162 Oak Ave,AU,47598,13/45/2026
605,Elizabeth O'Brien,elizabeth.obrien @example.com,TAX-638407,5162 Oak Ave,AU,47598,20260324
605,Elizabeth O'Brien,elizabeth.obrien@acme.com,TAX-638407,5162 Oak Ave,AU,47598,02/25/2026
605,elizabeth o'brien,elizabeth.obrien@acme.com,TAX-,5162 Oak Ave,AU,47598,20260327
605,Elizabeth O'Brien,elizabeth.obrien@acme.com,TAX-638407,5162 Oak Ave,AU,47598,20260413
605,Elizabeth	O'Brien,elizabeth.obrien@acme.com,0000000000,5162 Oak Ave,,47598,2026-03-13
605,Elizabeth O'Brien,elizabeth.obrien@acme.com,TAX-638407,5162 Oak Ave,AU,47598,20260422
605,Elizabeth O'Brien,elizabeth.obrien@acme.com,TAX-,5162 Oak Ave,AU,47598,20260709
669,Björn-Wilson,björn.wilson@example.com,TAX-810793,5482 Main St,BR,65515,not-a-date
669,Björn Wilson,björn.wilson @example.com,TAX-810793,5482 Main St,BR,65515,
669,Björn Wilson,björn.wilson@example.com,,5482 Main St, CA,65515,
669,Björn	Wilson,björn.wilson@@example.com,TAX-810793,5482 Main St,BR,65515,
669,Björn	Wilson,björn.wilson@example.com,TAX-810793,5482 Main St,BR,65515,20260313
669,Björn Wilson,björn.wilson@example.com,TAX-810793,5482 Main St,BR,65515,20260108
669,Björn Wilson,björn.wilson@example.com,TAX-810793,5482 Main St,,65515,2026-05-11
669,BJÖRN WILSON,björn.wilson@@example.com,TAX-810793,5482 Main St,,65515,20260127
73,Björn Lopez,,TAX-829756,8060 Main St,BR,58887,2026-01-01
1489,Susan Łukasz,susan.łukasz@mail.com,,359 Oak Ave, AU,67522,20260717
1489,Susan Łukasz,susan.łukasz@@example.com,,359 Oak Ave,,67522,20260726
1489,Susan Łukasz,susan.łukasz@mail.com,TAX-663272,359 Oak Ave,US,67522,03/07/2026
1489,Susan Ł.,,TAX-663272,359 Oak Ave,US,67522,03/16/2026
1489,Susan Łukasz,,TAX-663272,359 Oak Ave,,67522,2026-06-07
1489,  Susan Łukasz  ,susan.łukasz@mail.com,TAX-663272,359 Oak Ave,US,67522,
1489,Susan Łukasz,susan.łukasz @example.com,0000000000,359 Oak Ave,US,67522,
1489,Susan Łukasz,susan.łukasz @example.com,TAX-663272,359 Oak Ave,US,67522,05/05/2026
664,François Jones,françois.jones@globex.co,TAX-394153,1165 Oak Ave,DE,80469,2026-02-15
603,JOSÉ RODRIGUEZ,,TAX-853775,8535 Oak Ave,UK,28695,0000-00-00
603,José Rodriguez,josé.rodriguez@example.com,TAX-853775,8535 Oak Ave,UK,28695,
603,José Rodriguez,josé.rodriguez@example.com,TAX-853775,8535 Oak Ave,,28695,2026-04-28
603,José Rodriguez,josé.rodriguez @example.com,TAX-853775,8535 Oak Ave,UK,28695,0000-00-00
603,José Rodriguez,not-an-email,TAX-853775,8535 Oak Ave,XX,28695,2026-06-11
5,  Jennifer Moore  ,jennifer.moore@example.com,TAX-570125,2157 Oak Ave,US,24170,2026-04-15
751,Joseph Brown,not-an-email,TAX-407457,6985 Main St,US,37126,not-a-date
751,Joseph Brown,joseph.brown@mail.com,,6985 Main St,XX,37126,not-a-date
865,Michael W.,michael.wilson@mail.com,,3826 Oak Ave, UK,63107,2026-04-04
780,Mary	Thomas,mary.thomas@mail.com,TAX-401100,1443 Main St,UK,93288,20260617
780,M. Thomas,mary.thomas@mail.com,TAX-401100,1443 Main St,,93288,
780,Mary Thomas,,TAX-401100,1443 Main St,UK,93288,20260322
780,,mary.thomas @example.com,,1443 Main St, DE,93288,not-a-date
780,Mary Thomas,mary.thomas@,TAX-401100,1443 Main St,UK,93288,2026-03-07
1293,William Lopez,,TAX-129981,9457 Oak Ave,AU,87699,20260506
1326,François Martinez,françois.martinez @example.com,TAX-461036,2764 Main St,,67177,
1298,James Moore,james.moore@globex.co,TAX-574176,1559 Main St,UK,35378,02/11/2026
1278,  Thomas Lopez  ,thomas.lopez@example.com,TAX-242871,1983 Main St,CA,45026,
130,Joseph Thomas,joseph.thomas @example.com,TAX-958753,7650 Oak Ave,BR,63511,
130,Joseph Thomas,@example.com,N/A,7650 Oak Ave, AU,63511,20260525
130,Joseph	Thomas,joseph.thomas@@example.com,N/A,7650 Oak Ave,BR,63511,20260110
130,  Joseph Thomas  ,joseph.thomas@globex.co,TAX-958753,7650 Oak Ave,BR,63511,02/07/2026
130,Joseph Thomas,joseph.thomas@globex.co,TAX-958753,7650 Oak Ave,BR,63511,2026-06-08
130,Joseph Thomas,joseph.thomas@globex.co,,7650 Oak Ave,au,63511,2026-07-26
130,Joseph Thomas,joseph.thomas@@example.com,0000000000,7650 Oak Ave,,63511,2026
130,joseph thomas,joseph.thomas@@example.com,,7650 Oak Ave,br,63511,2026-05-27
1007,Elizabeth Øst,elizabeth.øst@mail.com,TAX-536552,5588 Oak Ave,IN,46604,0000-00-00
501,Susan Thomas,susan.thomas@globex.co,TAX-934116,1741 Oak Ave,AU,43414,20260424
501,Susan	Thomas,susan.thomas@globex.co,0000000000,1741 Oak Ave,AU,43414,04/08/2026
900,BARBARA FÜRST,barbara.fürst@example.com,,7537 Main St,BR,47839,04/17/2026
900,Barbara	Fürst,@example.com,TAX-73834,7537 Main St,BR,47839,2026-06-11
900,Barbara Fürst,barbara.fürst@example.com,N/A,7537 Main St,BR,47839,06/24/2026
900,Barbara Fürst,barbara.fürst@example.com,TAX-73834,7537 Main St,,47839,2026-03-05
900,Barbara Fürst,barbara.fürst@example.com,TAX-73834,7537 Main St,BR,47839,20260319
76,Barbara Martin,barbara.martin@example.com,TAX-340433,9627 Main St,,39312,07/15/2026
1193,Linda Davis,linda.davis@example.com,TAX-38500,8219 Oak Ave,DE,25777,20260520
36,Björn Jackson,björn.jackson@,TAX-,3646 Main St,au,64354,20260513
1213,Jessica Jones,jessica.jones@@example.com,0000000000,6284 Main St,XX,92591,20260526
1213,Jessica	Jones,@example.com,TAX-161894,6284 Main St,,92591,2026-06-01
1213,Jessica Jones,not-an-email,N/A,6284 Main St,BR,92591,01/05/2026
1213,Jessica Jones,jessica.jones@globex.co,TAX-161894,6284 Main St,,92591,07/07/2026
1213,Jessica Jones,jessica.jones@,TAX-,6284 Main St,BR,92591,13/45/2026
624,Håkon Fürst,håkon.fürst@globex.co,TAX-74021,1100 Main St,,25959,2026-04-08
624,Håkon Fürst,håkon.fürst@globex.co,TAX-74021,1100 Main St,AU,25959,2026-03-08
748,  Karen Gonzalez  ,karen.gonzalez@mail.com,TAX-856337,1940 Oak Ave,DE,59472,20260708
748,Karen Gonzalez,karen.gonzalez@mail.com,???,1940 Oak Ave,DE,59472,2026-03-17
748,Karen Gonzalez,karen.gonzalez@mail.com,N/A,1940 Oak Ave,DE,59472,20260606
1103,Patricia Jackson,patricia.jackson@globex.co,N/A,8811 Oak Ave,uk,34414,2026
127,José Øst,josé.øst@acme.com,TAX-296844,2927 Oak Ave,CA,78335,13/45/2026
603,Jessica Wilson,jessica.wilson@mail.com,TAX-919522,727 Main St,AU,57482,05/24/2026
638,Müller Jones,müller.jones@acme.com,TAX-526575,1258 Main St,DE,59931,20260201
1307,James Martinez,,TAX-,604 Main St,IN,43942,20260101
1345,François Taylor,françois.taylor@acme.com,TAX-331836,2477 Oak Ave,,34095,2026-07-18
426,Thomas Brown,thomas.brown @example.com,TAX-595602,760 Main St,CA,75988,06/21/2026
554,Jennifer-Rodriguez,jennifer.rodriguez@mail.com,TAX-946713,9143 Oak Ave,FR,65737,
554,Jennifer Rodriguez,jennifer.rodriguez@mail.com,TAX-946713,9143 Oak Ave,FR,65737,03/24/2026
554,Jennifer Rodriguez,jennifer.rodriguez@mail.com,TAX-946713,9143 Oak Ave,,65737,2026-03-19
1222,Jessica García,not-an-email,TAX-368400,8191 Main St,CA,68317,13/45/2026
1256,Michael-Williams,michael.williams@globex.co,TAX-812099,2852 Oak Ave,AU,86443,05/23/2026
1330,MÜLLER GONZALEZ,müller.gonzalez@acme.com,TAX-791982,8722 Main St,AU,24240,01/27/2026
1498,Linda Jackson,linda.jackson @example.com,TAX-560437,2420 Oak Ave,UK,82308,20260612
261,Björn Lopez,björn.lopez@mail.com,TAX-624985,8715 Main St,,70140,2026-03-05
261,Björn Lopez,björn.lopez@mail.com,TAX-624985,8715 Main St,,70140,20260623
261,BJÖRN LOPEZ,björn.lopez@mail.com,TAX-624985,8715 Main St,DE,70140,2026-06-01
427,Sarah Anderson,sarah.anderson@example.com,TAX-556932,4208 Main St,IN,16345,20260206
234,Elizabeth Jackson,elizabeth.jackson@example.com,,8878 Oak Ave, FR,70181,20260519
234,ELIZABETH JACKSON,,TAX-672060,8878 Oak Ave,CA,70181,0000-00-00
234,Elizabeth J.,@example.com,TAX-,8878 Oak Ave,CA,70181,2026-06-07
234,Elizabeth Jackson,elizabeth.jackson@example.com,N/A,8878 Oak Ave,CA,70181,0000-00-00
234,Elizabeth Jackson,not-an-email,TAX-672060,8878 Oak Ave,XX,70181,03/23/2026
557,HÅKON O'BRIEN,håkon.obrien @example.com,N/A,6263 Oak Ave,AU,80012,2026-02-10
24,Robert Fürst,robert.fürst@acme.com,TAX-944298,1883 Oak Ave,AU,35874,2026-06-12
1016,David Anderson,david.anderson@example.com,TAX-478057,2181 Oak Ave,FR,61291,2026-07-20
879,Barbara Williams,@example.com,N/A,2050 Main St,FR,38861,03/25/2026
879,barbara williams,barbara.williams@example.com,TAX-433790,2050 Main St,FR,38861,20260113
879,Barbara Williams,barbara.williams@example.com,N/A,2050 Main St,FR,38861,03/25/2026
252,Richard-Müller,richard.müller@acme.com,TAX-811263,1936 Main St,DE,55832,20260419
895,José Moore,josé.moore@mail.com,0000000000,7177 Oak Ave,AU,52482,2026
628,Richard Martin,,TAX-,3658 Main St,XX,37574,2026
1188,Mary Fürst,,???,1313 Oak Ave,DE,42875,20260225
935,François Taylor,,TAX-525612,2136 Main St,XX,69750,20260708
151,James Johnson,james.johnson@example.com,TAX-502814,8395 Oak Ave,CA,56603,0000-00-00
1008,S. Martin,søren.martin@acme.com,TAX-635702,4962 Oak Ave,DE,28362,2026-02-27
1008,Søren Martin,@example.com,TAX-635702,4962 Oak Ave,DE,28362,
1008,Søren Martin,søren.martin@acme.com,TAX-635702,4962 Oak Ave,br,28362,
1008,Søren Martin,søren.martin@acme.com,N/A,4962 Oak Ave,DE,28362,20260101
1008,Søren Martin,søren.martin@acme.com,TAX-635702,4962 Oak Ave,DE,28362,04/11/2026
1414,  Mary Miller  ,mary.miller@mail.com,TAX-476333,5101 Main St,CA,11517,
1414,Mary M.,not-an-email,TAX-,5101 Main St,CA,11517,2026-02-01
1414,Mary Miller,,0000000000,5101 Main St,,11517,01/16/2026
1414,Mary Miller,mary.miller@,N/A,5101 Main St,,11517,02/10/2026
1414,Mary-Miller,not-an-email,,5101 Main St,,11517,20260225
1414,  Mary Miller  ,,TAX-476333,5101 Main St,de,11517,03/03/2026
1414,,not-an-email,,5101 Main St,de,11517,2026
1414,Mary Miller,mary.miller@mail.com,0000000000,5101 Main St,,11517,2026-03-03
814,James Jackson,james.jackson @example.com,???,3439 Main St, BR,26754,
1462,Barbara Van Der Berg,barbara.van.der.berg@globex.co,TAX-874737,5689 Main St, BR,60065,02/04/2026
1462,BARBARA VAN DER BERG,barbara.van.der.berg@globex.co,,5689 Main St,IN,60065,not-a-date
1462,Barbara Van Der Berg,barbara.van.der.berg@@example.com,0000000000,5689 Main St,,60065,0000-00-00
1067,Sarah Brown,sarah.brown@mail.com,,1685 Main St,DE,26105,13/45/2026
1067,Sarah Brown,sarah.brown@mail.com,TAX-254670,1685 Main St,DE,26105,2026-05-16
1067,SARAH BROWN,,,1685 Main St,,26105,20260408
1067,Sarah Brown,sarah.brown@mail.com,N/A,1685 Main St,,26105,02/01/2026
1067,Sarah Brown,sarah.brown@mail.com,TAX-254670,1685 Main St,DE,26105,2026-01-08
342,Linda Davis,linda.davis@acme.com,,2872 Oak Ave,AU,93615,02/05/2026
1249,Charles Müller,charles.müller@acme.com,,1187 Main St,DE,90237,20260202
378,J. Łukasz,joseph.łukasz@acme.com,TAX-865241,7749 Oak Ave, US,30533,20260419
231,Joseph Lopez,joseph.lopez@acme.com,0000000000,2611 Oak Ave,,77175,2026-03-11
231,Joseph L.,joseph.lopez@acme.com,TAX-420159,2611 Oak Ave,CA,77175,20260526
231,Joseph Lopez,joseph.lopez@acme.com,TAX-420159,2611 Oak Ave,CA,77175,2026-07-03
231,Joseph Lopez,joseph.lopez@acme.com,TAX-420159,2611 Oak Ave, CA,77175,
231,Joseph	Lopez,,N/A,2611 Oak Ave,CA,77175,20260418
231,J. Lopez,@example.com,TAX-420159,2611 Oak Ave,CA,77175,2026-03-24
231,Joseph-Lopez,joseph.lopez@acme.com,N/A,2611 Oak Ave,CA,77175,not-a-date
231,joseph lopez,joseph.lopez@acme.com,TAX-420159,2611 Oak Ave,br,77175,2026-01-17
407,,sarah.taylor@globex.co,TAX-820636,5554 Oak Ave,FR,51400,20260518
58,André D.,andré.davis@globex.co,TAX-792688,1966 Main St,CA,28557,03/24/2026
58,André Davis,andré.davis@globex.co,TAX-792688,1966 Main St,CA,28557,20260521
58,André Davis,andré.davis@globex.co,TAX-792688,1966 Main St,CA,28557,2026-07-21
1245,André García,andré.garcía@,,7603 Main St,AU,85148,
1245,André García,andré.garcía@,TAX-586027,7603 Main St,XX,85148,2026-06-09
213,barbara garcia,barbara.garcia@mail.com,TAX-958694,9281 Main St,US,86768,20260613
349,nguyễn miller,nguyễn.miller@example.com,TAX-785010,6813 Main St,DE,28466,2026-01-06
1006,Richard García,richard.garcía@acme.com,TAX-765465,7193 Main St,CA,83914,0000-00-00
1006,Richard García,richard.garcía@acme.com,,7193 Main St, IN,83914,0000-00-00
1006,Richard García,richard.garcía @example.com,N/A,7193 Main St,,83914,13/45/2026
1481,Z. Fürst,zoë.fürst@example.com,TAX-567721,6924 Main St,UK,79519,2026
1481,Zoë Fürst,zoë.fürst@example.com,TAX-567721,6924 Main St,UK,79519,
1481,Zoë Fürst,zoë.fürst@example.com,TAX-567721,6924 Main St,XX,79519,20260624
693,Michael Jackson,michael.jackson@mail.com,0000000000,2931 Oak Ave,XX,28730,03/23/2026
1067,Michael Williams,michael.williams@acme.com,TAX-,607 Main St,CA,61656,06/07/2026
1022,Barbara Fürst,,TAX-367124,6435 Oak Ave,,38276,04/20/2026
1022,Barbara	Fürst,,???,6435 Oak Ave,UK,38276,05/22/2026
1022,B. Fürst,barbara.fürst@@example.com,TAX-367124,6435 Oak Ave,,38276,
1022,Barbara Fürst,barbara.fürst@acme.com,TAX-367124,6435 Oak Ave,,38276,07/10/2026
1022,BARBARA FÜRST,barbara.fürst@acme.com,TAX-,6435 Oak Ave,,38276,20260102
1022,Barbara Fürst,@example.com,TAX-367124,6435 Oak Ave,de,38276,2026-06-16
1022,B. Fürst,barbara.fürst@acme.com,,6435 Oak Ave,UK,38276,20260604
1022,Barbara Fürst,barbara.fürst @example.com,TAX-367124,6435 Oak Ave,UK,38276,2026-07-28
225,François Moore,françois.moore@example.com,TAX-644507,7871 Oak Ave,br,21973,2026-01-06
19,Patricia Müller,patricia.müller@example.com,???,8169 Oak Ave,AU,35906,05/26/2026
19,Patricia M.,patricia.müller@example.com,TAX-347601,8169 Oak Ave,AU,35906,
19,Patricia Müller,@example.com,TAX-347601,8169 Oak Ave,AU,35906,
19,Patricia	Müller,patricia.müller@example.com,TAX-347601,8169 Oak Ave,AU,35906,07/07/2026
19,Patricia Müller,patricia.müller@example.com,TAX-347601,8169 Oak Ave,AU,35906,
1231,john rodriguez,john.rodriguez@acme.com,TAX-,7389 Oak Ave,fr,56172,20260222
1031,Søren	Thomas,søren.thomas@acme.com,,9191 Main St,AU,68560,20260505
765,Thomas-Williams,thomas.williams@,TAX-265816,5792 Oak Ave,,92381,
1434,john nguyễn,john.nguyễn@@example.com,,7667 Main St,BR,58247,not-a-date
325,Thomas Øst,@example.com,???,8956 Oak Ave,XX,85473,20260108
153,François Øst,françois.øst@@example.com,TAX-53477,6321 Oak Ave,FR,92686,not-a-date
1440,Karen Smith,,TAX-,8659 Main St,,93480,20260201
578,William Jones,william.jones@example.com,TAX-599584,4943 Oak Ave,de,78094,0000-00-00
557,John Rodriguez,john.rodriguez@acme.com,,9131 Oak Ave,CA,98300,2026
557,JOHN RODRIGUEZ,john.rodriguez@acme.com,TAX-613612,9131 Oak Ave,in,98300,13/45/2026
557,John Rodriguez,john.rodriguez@acme.com,TAX-613612,9131 Oak Ave,fr,98300,0000-00-00
557,John R.,not-an-email,0000000000,9131 Oak Ave,CA,98300,2026-07-05
557,John Rodriguez,john.rodriguez@acme.com,TAX-613612,9131 Oak Ave,CA,98300,2026-07-09
1487,RENÉE NGUYỄN,renée.nguyễn@mail.com,N/A,5642 Main St, US,42239,20260311
134,MICHAEL HERNANDEZ,michael.hernandez@mail.com,,71 Oak Ave, UK,85219,20260102
1438,Müller Van Der Berg,müller.van.der.berg@acme.com,TAX-906102,1253 Main St,US,80798,0000-00-00
1438,Müller-Berg,müller.van.der.berg@acme.com,TAX-906102,1253 Main St,US,80798,
1374,William Hernandez,@example.com,,6565 Oak Ave,FR,79186,2026-04-16
1374,W. Hernandez,,TAX-,6565 Oak Ave,FR,79186,
1374,WILLIAM HERNANDEZ,william.hernandez@globex.co,???,6565 Oak Ave,FR,79186,20260127
541,Patricia Williams,patricia.williams@mail.com,TAX-962134,39 Oak Ave,UK,22274,2026-01-23
601,Håkon Lopez,@example.com,TAX-896564,9591 Main St,DE,85602,2026-07-23
887,  Zoë O'Brien  ,zoë.obrien@acme.com,TAX-,9643 Oak Ave,FR,62063,04/27/2026
47,Linda Garcia,linda.garcia@,,7818 Oak Ave,,29319,01/21/2026
47,Linda-Garcia,linda.garcia@@example.com,TAX-940625,7818 Oak Ave,IN,29319,
47,L. Garcia,linda.garcia@example.com,N/A,7818 Oak Ave,IN,29319,2026
47,Linda Garcia,linda.garcia@example.com,TAX-940625,7818 Oak Ave,,29319,20260724
47,Linda Garcia,linda.garcia@example.com,???,7818 Oak Ave,IN,29319,01/28/2026
862,Elizabeth Øst,elizabeth.øst@mail.com,TAX-558736,4993 Main St,XX,12890,20260702
1288,William Lopez,,TAX-929151,9231 Oak Ave,FR,57631,2026-07-26
744,François Martinez,françois.martinez@mail.com,TAX-,4913 Oak Ave,XX,87797,2026-07-04
89,André Müller,andré.müller@globex.co,TAX-497416,2735 Oak Ave,US,80716,20260306
1267,Müller Lopez,müller.lopez @example.com,TAX-244816,8107 Oak Ave,DE,14285,20260412
1267,Müller Lopez,müller.lopez@,TAX-244816,8107 Oak Ave,DE,14285,20260305
1267,müller lopez,müller.lopez@example.com,TAX-244816,8107 Oak Ave,ca,14285,2026-07-09
1267,Müller Lopez,müller.lopez@example.com,0000000000,8107 Oak Ave,DE,14285,2026-04-25
1267,,müller.lopez@example.com,TAX-244816,8107 Oak Ave,DE,14285,0000-00-00
1267,Müller Lopez,müller.lopez@example.com,TAX-244816,8107 Oak Ave,DE,14285,20260524
1267,Müller Lopez,müller.lopez @example.com,TAX-,8107 Oak Ave,DE,14285,
1267,MÜLLER LOPEZ,müller.lopez@example.com,TAX-244816,8107 Oak Ave,DE,14285,2026-03-01
228,Patricia Gonzalez,not-an-email,TAX-576681,4052 Main St,,68595,0000-00-00
1325,Jessica Smith,jessica.smith@example.com,,3329 Oak Ave,IN,30931,20260704
1325,Jessica Smith,jessica.smith@example.com,TAX-371608,3329 Oak Ave,XX,30931,2026
1325,Jessica S.,jessica.smith@example.com,TAX-371608,3329 Oak Ave,IN,30931,20260123
1325,Jessica Smith,,TAX-371608,3329 Oak Ave,IN,30931,2026-02-07
1325,Jessica Smith,jessica.smith@example.com,TAX-371608,3329 Oak Ave,IN,30931,07/13/2026
1325,Jessica Smith,jessica.smith @example.com,,3329 Oak Ave,IN,30931,20260727
1325,Jessica Smith,jessica.smith@,TAX-371608,3329 Oak Ave,IN,30931,20260309
1325,Jessica Smith,jessica.smith@example.com,,3329 Oak Ave,fr,30931,not-a-date
881,Linda Lopez,linda.lopez@globex.co,TAX-,9728 Main St,DE,39609,2026-06-22
804,Nguyễn Lopez,nguyễn.lopez@example.com,TAX-559268,708 Oak Ave,UK,88536,20260615
853,Sarah Hernandez,sarah.hernandez@mail.com,TAX-681925,4240 Main St,US,32828,
853,  Sarah Hernandez  ,not-an-email,TAX-681925,4240 Main St,US,32828,05/25/2026
853,Sarah H.,,TAX-681925,4240 Main St,US,32828,20260622
853,Sarah H.,sarah.hernandez@@example.com,TAX-681925,4240 Main St,US,32828,20260402
853,Sarah Hernandez,sarah.hernandez@mail.com,N/A,4240 Main St, CA,32828,20260125
853,Sarah Hernandez,sarah.hernandez @example.com,???,4240 Main St,US,32828,01/14/2026
853,Sarah Hernandez,sarah.hernandez@mail.com,0000000000,4240 Main St,US,32828,2026
853,Sarah Hernandez,sarah.hernandez @example.com,TAX-,4240 Main St,US,32828,2026-03-13
327,  Barbara O'Brien  ,not-an-email,,5177 Main St, FR,49734,0000-00-00
1369,björn smith,björn.smith@mail.com,TAX-371763,8541 Main St,BR,26563,2026-05-03
1369,Björn Smith,,TAX-371763,8541 Main St,BR,26563,2026-07-22
1369,Björn Smith,not-an-email,TAX-371763,8541 Main St,au,26563,01/21/2026
1369,Björn Smith,björn.smith@mail.com,TAX-371763,8541 Main St,,26563,not-a-date
1369,Björn Smith,björn.smith@mail.com,???,8541 Main St,BR,26563,13/45/2026
1414,Susan Rodriguez,susan.rodriguez@globex.co,TAX-235973,6923 Oak Ave,XX,65931,
1281,Robert Taylor,robert.taylor@,TAX-870989,6758 Oak Ave,BR,94748,2026-01-03
845,Jennifer Øst,@example.com,TAX-730426,697 Main St,XX,61991,20260407
49,Thomas-Hernandez,thomas.hernandez@mail.com,TAX-,3565 Oak Ave,,99877,2026-03-27
1329,José Van Der Berg,josé.van.der.berg @example.com,TAX-686707,8725 Main St,us,87826,0000-00-00
1329,  José Van Der Berg  ,josé.van.der.berg@globex.co,TAX-686707,8725 Main St,us,87826,20260321
1329,José Van Der Berg,josé.van.der.berg@globex.co,TAX-686707,8725 Main St,CA,87826,04/16/2026
1329,José Van Der Berg,josé.van.der.berg@globex.co,TAX-686707,8725 Main St, UK,87826,13/45/2026
1329,José Van Der Berg,josé.van.der.berg@,N/A,8725 Main St,CA,87826,
1329,José Van Der Berg,josé.van.der.berg@globex.co,TAX-,8725 Main St,CA,87826,2026-06-28
1329,José Van Der Berg,josé.van.der.berg@globex.co,,8725 Main St,XX,87826,2026-05-06
1329,José Van Der Berg,josé.van.der.berg@globex.co,TAX-686707,8725 Main St,CA,87826,05/23/2026
876,Søren Jones,@example.com,TAX-581683,8762 Oak Ave,IN,11054,0000-00-00
1184,joseph o'brien,joseph.obrien@acme.com,TAX-165266,9812 Main St,DE,93563,2026-03-24
670,Charles-Fürst,charles.fürst@acme.com,TAX-759172,4612 Oak Ave,FR,77245,13/45/2026
156,Müller Martinez,müller.martinez@acme.com,TAX-589379,2973 Oak Ave,UK,99424,20260109
940,André Nguyễn,andré.nguyễn@mail.com,TAX-95304,8926 Main St,FR,97630,not-a-date
646,Björn Nguyễn,björn.nguyễn@globex.co,TAX-563154,8256 Oak Ave,IN,69462,2026-04-07
138,Håkon Øst,not-an-email,TAX-408730,4314 Oak Ave,XX,52484,05/24/2026
138,Håkon Øst,håkon.øst@mail.com,TAX-408730,4314 Oak Ave,UK,52484,not-a-date
138,håkon øst,håkon.øst@mail.com,???,4314 Oak Ave, AU,52484,07/25/2026
138,Håkon Øst,håkon.øst@mail.com,N/A,4314 Oak Ave, DE,52484,20260102
138,Håkon Øst,håkon.øst@mail.com,TAX-408730,4314 Oak Ave,UK,52484,07/01/2026
138,Håkon Øst,håkon.øst@mail.com,0000000000,4314 Oak Ave,XX,52484,20260121
138,Håkon Øst,håkon.øst@,TAX-408730,4314 Oak Ave,UK,52484,0000-00-00
138,Håkon Øst,håkon.øst@,,4314 Oak Ave,UK,52484,2026-03-06
1233,John Taylor,john.taylor@acme.com,TAX-342977,3819 Oak Ave,,26279,2026-07-21
1324,sarah martinez,sarah.martinez@example.com,TAX-200149,4408 Main St,US,17653,
1324,Sarah Martinez,,TAX-200149,4408 Main St,,17653,03/10/2026
1324,S. Martinez,@example.com,TAX-200149,4408 Main St,US,17653,2026-06-09
1324,Sarah Martinez,sarah.martinez@example.com,N/A,4408 Main St,US,17653,04/10/2026
1324,Sarah Martinez,sarah.martinez@example.com,TAX-200149,4408 Main St,XX,17653,
1356,Håkon Øst,håkon.øst @example.com,???,5380 Oak Ave,BR,21144,0000-00-00
1260,Zoë Moore,zoë.moore@example.com,N/A,5497 Oak Ave,UK,34163,
1458,  Sarah Anderson  ,sarah.anderson@acme.com,0000000000,1981 Main St,,87616,2026-06-02
1081,J. Jones,james.jones@mail.com,TAX-524249,22 Oak Ave,IN,78941,0000-00-00
1081,James Jones,james.jones @example.com,???,22 Oak Ave,,78941,20260317
1081,James Jones,james.jones@mail.com,TAX-524249,22 Oak Ave,,78941,2026-07-23
1045,Susan Hernandez,susan.hernandez@mail.com,,6093 Oak Ave,DE,45048,
25,Michael Thomas,michael.thomas@example.com,TAX-686681,968 Main St,XX,87013,2026
1109,Jessica Fürst,jessica.fürst @example.com,TAX-227652,8775 Main St, BR,95875,05/14/2026
852,Jennifer Smith,jennifer.smith@,TAX-837643,3661 Oak Ave,,15390,0000-00-00
1001,Michael Nguyễn,michael.nguyễn@mail.com,TAX-503406,4149 Main St,uk,97644,20260622
889,Mary Williams,mary.williams@mail.com,TAX-891155,5560 Main St,XX,87456,13/45/2026
1382,F. Lopez,françois.lopez@example.com,N/A,7228 Oak Ave,UK,77750,not-a-date
1382,François Lopez,françois.lopez@example.com,TAX-133758,7228 Oak Ave,UK,77750,13/45/2026
1382,François Lopez,françois.lopez@@example.com,TAX-,7228 Oak Ave, IN,77750,20260402
1382,FRANÇOIS LOPEZ,françois.lopez@example.com,TAX-133758,7228 Oak Ave,fr,77750,not-a-date
1382,François Lopez,françois.lopez@example.com,0000000000,7228 Oak Ave,UK,77750,20260102
1496,KAREN NGUYỄN,karen.nguyễn@acme.com,,6374 Oak Ave,br,60752,2026-06-10
134,DAVID WILSON,david.wilson@example.com,TAX-129881,182 Oak Ave, BR,33863,02/06/2026
856,Linda-Øst,linda.øst@globex.co,TAX-,5554 Oak Ave,XX,71743,not-a-date
1322,Renée Fürst,renée.fürst@mail.com,???,6158 Main St,CA,51078,0000-00-00
1322,Renée Fürst,,TAX-867836,6158 Main St,,51078,20260320
1322,Renée Fürst,not-an-email,TAX-867836,6158 Main St,CA,51078,06/06/2026
1322,Renée Fürst,renée.fürst@mail.com,TAX-867836,6158 Main St,,51078,02/12/2026
1322,Renée Fürst,,,6158 Main St,CA,51078,2026-04-28
1322,Renée Fürst,renée.fürst@mail.com,TAX-867836,6158 Main St, FR,51078,2026-03-18
1322,,renée.fürst@mail.com,TAX-867836,6158 Main St,CA,51078,20260103
1322,,,0000000000,6158 Main St, IN,51078,07/02/2026
356,Søren	Moore,søren.moore@acme.com,TAX-401252,9743 Main St,BR,79854,05/25/2026
356,Søren Moore,not-an-email,0000000000,9743 Main St,,79854,02/21/2026
356,Søren Moore,søren.moore@acme.com,???,9743 Main St,BR,79854,
356,Søren Moore,søren.moore@acme.com,TAX-401252,9743 Main St,BR,79854,
356,Søren-Moore,søren.moore@@example.com,,9743 Main St,us,79854,2026-03-10
356,,søren.moore@@example.com,TAX-401252,9743 Main St,BR,79854,0000-00-00
356,S. Moore,søren.moore@acme.com,TAX-401252,9743 Main St,BR,79854,0000-00-00
356,Søren Moore,søren.moore@,N/A,9743 Main St,uk,79854,04/03/2026
706,Karen	Smith,karen.smith@acme.com,TAX-,7937 Main St,DE,42733,20260202
738,Zoë Lopez,zoë.lopez@acme.com,TAX-599633,7269 Main St,br,91417,06/09/2026
738,Zoë-Lopez,zoë.lopez@acme.com,N/A,7269 Main St,DE,91417,20260504
738,Zoë Lopez,,,7269 Main St,DE,91417,2026
738,ZOË LOPEZ,zoë.lopez@acme.com,TAX-599633,7269 Main St,DE,91417,20260424
738,Zoë Lopez,zoë.lopez@acme.com,TAX-,7269 Main St,ca,91417,20260405
738,Zoë L.,zoë.lopez@acme.com,N/A,7269 Main St, UK,91417,
738,Zoë Lopez,zoë.lopez@acme.com,TAX-599633,7269 Main St,DE,91417,07/14/2026
738,Zoë Lopez,,TAX-599633,7269 Main St,DE,91417,06/17/2026
813,Sarah M.,sarah.moore@acme.com,N/A,313 Main St,de,74233,
812,John Taylor,@example.com,TAX-646691,9425 Oak Ave,FR,98223,20260324
793,Thomas-Łukasz,thomas.łukasz@@example.com,TAX-424195,6411 Main St,UK,38489,20260627
247,Patricia Hernandez,patricia.hernandez@globex.co,TAX-55067,4878 Oak Ave, FR,99198,04/26/2026
1080,Müller O'Brien,müller.obrien@mail.com,TAX-612526,1233 Main St,US,45554,20260407
847,Björn Hernandez,björn.hernandez@globex.co,,8752 Main St,IN,94531,2026
1006,Søren S.,søren.smith@globex.co,,3055 Oak Ave,IN,85201,13/45/2026
1006,Søren Smith,søren.smith@globex.co,TAX-514315,3055 Oak Ave,IN,85201,20260121
1006,Søren S.,,,3055 Oak Ave,IN,85201,2026
651,Renée Łukasz,,TAX-562176,8174 Oak Ave,CA,54954,2026-03-21
906,Richard Müller,richard.müller@example.com,TAX-933120,4593 Oak Ave,XX,37540,0000-00-00
792,Sarah Taylor,sarah.taylor@globex.co,TAX-605447,7013 Main St,,51316,07/19/2026
792,,sarah.taylor@,???,7013 Main St,us,51316,
792,Sarah-Taylor,sarah.taylor@globex.co,???,7013 Main St,CA,51316,2026-02-27
792,Sarah Taylor,sarah.taylor@globex.co,N/A,7013 Main St,CA,51316,not-a-date
792,,sarah.taylor@globex.co,TAX-605447,7013 Main St, CA,51316,
792,S. Taylor,sarah.taylor@globex.co,TAX-605447,7013 Main St, CA,51316,2026-05-13
792,Sarah Taylor,sarah.taylor@globex.co,,7013 Main St,CA,51316,2026-05-09
792,SARAH TAYLOR,sarah.taylor@globex.co,N/A,7013 Main St,CA,51316,20260613
19,Robert Taylor,@example.com,TAX-389020,8261 Main St,,80682,02/22/2026
721,susan garcía,,???,9804 Main St,BR,92546,20260126
721,Susan García,susan.garcía@acme.com,TAX-250276,9804 Main St,XX,92546,06/21/2026
721,SUSAN GARCÍA,susan.garcía@acme.com,,9804 Main St,BR,92546,2026
721,Susan García,susan.garcía@acme.com,TAX-250276,9804 Main St, BR,92546,2026
721,S. García,susan.garcía@acme.com,,9804 Main St,BR,92546,20260627
721,Susan García,@example.com,,9804 Main St, US,92546,2026-07-19
721,Susan García,susan.garcía@acme.com,TAX-250276,9804 Main St,BR,92546,2026-05-18
721,Susan García,susan.garcía@acme.com,TAX-250276,9804 Main St,BR,92546,2026
39,NGUYỄN GONZALEZ,nguyễn.gonzalez @example.com,0000000000,5577 Oak Ave,UK,83942,2026
1445,Richard Łukasz,richard.łukasz@,TAX-816092,7258 Main St,CA,78366,0000-00-00
516,Sarah Øst,,TAX-713984,8064 Main St,AU,91810,03/14/2026
279,Susan Martinez,,TAX-,9250 Oak Ave,,60112,
279,Susan Martinez,not-an-email,TAX-159653,9250 Oak Ave,,60112,2026-02-23
398,Björn-Anderson,björn.anderson@acme.com,TAX-637709,897 Main St, IN,95609,not-a-date
99,Håkon Łukasz,håkon.łukasz@globex.co,TAX-476841,4568 Main St, AU,71341,03/17/2026
1276,Joseph Davis,joseph.davis@acme.com,TAX-676653,3159 Oak Ave,AU,45635,
1276,Joseph Davis,joseph.davis@@example.com,TAX-676653,3159 Oak Ave,AU,45635,20260328
369,Mary Van Der Berg,mary.van.der.berg@example.com,TAX-,2229 Main St,UK,11461,2026-05-08
910,Mary Taylor,mary.taylor@globex.co,TAX-712670,5004 Oak Ave, IN,94738,2026
910,Mary Taylor,mary.taylor@,TAX-712670,5004 Oak Ave,FR,94738,not-a-date
358,Joseph Nguyễn,joseph.nguyễn@mail.com,TAX-504941,625 Oak Ave,US,91785,
455,JOSEPH BROWN,joseph.brown@globex.co,TAX-852551,2269 Oak Ave,AU,58383,2026-03-20
866,Karen	Jackson,karen.jackson@@example.com,???,5715 Main St,DE,53470,01/09/2026
1182,William Martin,william.martin@@example.com,TAX-436501,117 Main St,,15354,01/13/2026
1182,WILLIAM MARTIN,william.martin@example.com,0000000000,117 Main St,us,15354,2026-06-26
1182,W. Martin,,TAX-436501,117 Main St,UK,15354,02/15/2026
1182,William Martin,william.martin@example.com,TAX-436501,117 Main St,XX,15354,06/08/2026
1182,William Martin,william.martin@@example.com,,117 Main St,UK,15354,not-a-date
1182,William Martin,william.martin@example.com,TAX-436501,117 Main St,UK,15354,01/05/2026
1182,William-Martin,william.martin@example.com,TAX-,117 Main St,UK,15354,20260328
1182,William Martin,william.martin@example.com,TAX-436501,117 Main St,UK,15354,01/06/2026
1151,James Thomas,james.thomas@example.com,TAX-196380,7055 Main St,AU,11880,20260427
1067,Müller Martinez,müller.martinez @example.com,0000000000,7046 Oak Ave,DE,93704,not-a-date
1067,Müller Martinez,,0000000000,7046 Oak Ave,fr,93704,2026
1067,Müller Martinez,müller.martinez@mail.com,TAX-384971,7046 Oak Ave,DE,93704,2026-01-10
1067,Müller Martinez,müller.martinez@mail.com,,7046 Oak Ave,DE,93704,
1067,Müller Martinez,@example.com,TAX-384971,7046 Oak Ave,DE,93704,
198,Sarah Hernandez,sarah.hernandez@globex.co,0000000000,3330 Oak Ave,US,64592,
623,Jennifer Smith,jennifer.smith@globex.co,TAX-504980,4008 Oak Ave,IN,91427,0000-00-00
1136,André Garcia,not-an-email,N/A,918 Main St,fr,37881,01/01/2026
1136,André Garcia,andré.garcia@acme.com,,918 Main St,DE,37881,2026-01-18
1136,André Garcia,,TAX-252898,918 Main St,DE,37881,06/12/2026
192,Sarah Gonzalez,sarah.gonzalez@example.com,TAX-259977,8475 Oak Ave,AU,51445,2026-07-20
192,Sarah Gonzalez,sarah.gonzalez@example.com,TAX-,8475 Oak Ave,AU,51445,0000-00-00
192,Sarah Gonzalez,,TAX-259977,8475 Oak Ave,AU,51445,20260709
192,Sarah Gonzalez,sarah.gonzalez@example.com,TAX-,8475 Oak Ave,AU,51445,13/45/2026
192,Sarah Gonzalez,sarah.gonzalez@example.com,TAX-259977,8475 Oak Ave,AU,51445,
30,David O'Brien,david.obrien @example.com,TAX-103925,6401 Oak Ave,BR,78170,20260409
286,Joseph Davis,joseph.davis@globex.co,TAX-884509,4864 Oak Ave,BR,76940,20260321
21,Mary Moore,mary.moore@,TAX-263211,5766 Main St,,58118,2026-07-18
1181,  Richard Smith  ,richard.smith@globex.co,TAX-672174,5650 Main St,DE,56896,2026
577,Robert García,robert.garcía@acme.com,TAX-354817,2649 Oak Ave, AU,96857,02/09/2026
57,Jennifer Smith,@example.com,???,4717 Oak Ave,,89406,20260319
1102,François Thomas,françois.thomas@acme.com,TAX-695584,3960 Main St,UK,89934,02/03/2026
631,S. Wilson,susan.wilson@acme.com,TAX-102254,330 Main St,AU,13200,not-a-date
392,Susan Brown,susan.brown@acme.com,TAX-995912,8241 Main St,,60125,2026-06-14
392,Susan Brown,susan.brown@acme.com,0000000000,8241 Main St,IN,60125,2026-03-15
392,Susan Brown,susan.brown@acme.com,TAX-995912,8241 Main St,IN,60125,20260627
1203,Jessica D.,jessica.davis@globex.co,TAX-933124,4391 Main St,AU,95060,03/06/2026
1203,Jessica Davis,not-an-email,TAX-933124,4391 Main St,AU,95060,2026
1203,jessica davis,jessica.davis@globex.co,TAX-933124,4391 Main St,AU,95060,03/03/2026
1203,Jessica Davis,jessica.davis@globex.co,TAX-933124,4391 Main St, IN,95060,20260104
1203,Jessica Davis,jessica.davis@globex.co,TAX-933124,4391 Main St,AU,95060,04/22/2026
1203,Jessica Davis,not-an-email,TAX-933124,4391 Main St,AU,95060,2026-01-04
1203,Jessica Davis,not-an-email,TAX-933124,4391 Main St,AU,95060,20260210
1203,Jessica Davis,not-an-email,???,4391 Main St,AU,95060,20260521
1452,Mary Fürst,mary.fürst@example.com,,124 Main St,XX,38283,13/45/2026
80,Karen Rodriguez,karen.rodriguez@example.com,N/A,1943 Main St,CA,77943,2026
921,Håkon Anderson,håkon.anderson@example.com,N/A,8959 Oak Ave,de,15248,03/09/2026
921,Håkon Anderson,håkon.anderson@example.com,TAX-340499,8959 Oak Ave,IN,15248,20260704
921,Håkon Anderson,håkon.anderson@example.com,TAX-340499,8959 Oak Ave,IN,15248,07/26/2026
921,Håkon Anderson,håkon.anderson@example.com,???,8959 Oak Ave,IN,15248,2026-07-16
921,Håkon Anderson,not-an-email,TAX-340499,8959 Oak Ave,IN,15248,05/13/2026
921,Håkon Anderson,håkon.anderson@example.com,,8959 Oak Ave,IN,15248,2026-04-13
921,,håkon.anderson@example.com,TAX-340499,8959 Oak Ave,IN,15248,20260121
921,Håkon Anderson,,TAX-340499,8959 Oak Ave,IN,15248,02/03/2026
597,Thomas Lopez,thomas.lopez@example.com,,5712 Main St, IN,80787,07/06/2026
477,Nguyễn Rodriguez,nguyễn.rodriguez@acme.com,N/A,865 Oak Ave,FR,62034,13/45/2026
1338,Björn	Thomas,björn.thomas@acme.com,???,6567 Main St,,48763,2026-07-08
1324,Richard Brown,richard.brown@acme.com,TAX-274747,2682 Main St,,49765,20260121
1020,MICHAEL FÜRST,michael.fürst@example.com,TAX-221309,7296 Oak Ave,br,23642,20260624
1250,D. Nguyễn,david.nguyễn@acme.com,0000000000,839 Oak Ave,UK,42676,2026-05-03
621,Karen Van Der Berg,not-an-email,TAX-783978,6551 Main St,US,50583,2026-04-13
1419,MÜLLER DAVIS,müller.davis@example.com,TAX-966020,4926 Main St,,28532,01/16/2026
1010,Zoë Brown,zoë.brown@globex.co,TAX-324307,466 Oak Ave,,79948,2026
1061,Müller Miller,müller.miller@mail.com,TAX-533689,1096 Oak Ave, UK,28595,06/21/2026
582,Linda T.,linda.thomas@globex.co,TAX-757075,2982 Main St,DE,38871,03/28/2026
365,charles brown,charles.brown@mail.com,TAX-992823,6520 Oak Ave,DE,40520,not-a-date
365,Charles Brown,charles.brown@mail.com,TAX-992823,6520 Oak Ave,de,40520,2026-02-26
365,Charles-Brown,charles.brown@mail.com,TAX-992823,6520 Oak Ave,DE,40520,20260407
365,,charles.brown@mail.com,TAX-992823,6520 Oak Ave,DE,40520,2026-05-19
365,Charles Brown,charles.brown@mail.com,TAX-,6520 Oak Ave,DE,40520,2026-01-27
311,Z. Hernandez,zoë.hernandez@example.com,,9460 Oak Ave,AU,66471,2026-05-07
127,Richard Øst,richard.øst@example.com,TAX-921772,1089 Oak Ave,US,21131,06/05/2026
127,Richard Øst,not-an-email,0000000000,1089 Oak Ave, DE,21131,
127,Richard Øst,richard.øst@,TAX-921772,1089 Oak Ave,US,21131,2026
127,Richard Øst,richard.øst @example.com,TAX-921772,1089 Oak Ave,,21131,03/01/2026
127,Richard Øst,richard.øst@example.com,TAX-921772,1089 Oak Ave,US,21131,20260608
41,Mary O'Brien,@example.com,TAX-567384,6779 Main St,BR,91983,20260213
715,James Łukasz,james.łukasz @example.com,,9891 Main St,AU,75220,04/04/2026
715,James Łukasz,james.łukasz@acme.com,TAX-166602,9891 Main St,AU,75220,20260510
715,J. Łukasz,james.łukasz@acme.com,TAX-166602,9891 Main St,,75220,
715,James Ł.,,TAX-166602,9891 Main St,AU,75220,2026-05-03
715,James Łukasz,james.łukasz@acme.com,N/A,9891 Main St,AU,75220,05/17/2026
345,Jennifer Johnson,jennifer.johnson@example.com,TAX-850211,4543 Oak Ave,BR,79915,03/03/2026
787,J. Rodriguez,josé.rodriguez@globex.co,TAX-488366,4821 Main St,FR,18791,03/12/2026
391,linda anderson,not-an-email,TAX-487245,5862 Main St, BR,80531,20260127
1051,Björn Müller,björn.müller @example.com,0000000000,8784 Oak Ave,AU,94955,2026-05-04
103,José Martin,josé.martin @example.com,0000000000,2915 Oak Ave, US,18191,0000-00-00
1092,José Brown,josé.brown@mail.com,TAX-,6908 Oak Ave,US,73542,02/01/2026
1092,José	Brown,josé.brown@mail.com,TAX-364986,6908 Oak Ave, US,73542,06/23/2026
1249,Thomas Jones,thomas.jones@mail.com,TAX-88784,5786 Main St,IN,42987,
1249,Thomas Jones,,???,5786 Main St,IN,42987,03/21/2026
1249,Thomas Jones,thomas.jones@,TAX-88784,5786 Main St,IN,42987,0000-00-00
1249,thomas jones,thomas.jones@mail.com,N/A,5786 Main St,IN,42987,20260114
1249,Thomas Jones,thomas.jones@@example.com,???,5786 Main St,,42987,20260302
1249,Thomas Jones,thomas.jones@mail.com,TAX-88784,5786 Main St,fr,42987,13/45/2026
1249,Thomas Jones,@example.com,TAX-88784,5786 Main St, FR,42987,
1249,T. Jones,thomas.jones@mail.com,0000000000,5786 Main St,IN,42987,2026
1164,R. Martinez,richard.martinez@globex.co,TAX-948138,7530 Main St,IN,92619,0000-00-00
1164,Richard Martinez,richard.martinez@globex.co,,7530 Main St,in,92619,07/08/2026
1164,Richard Martinez,richard.martinez@globex.co,TAX-948138,7530 Main St,IN,92619,20260122
1281,Elizabeth Martinez,elizabeth.martinez@mail.com,TAX-361479,3744 Oak Ave,BR,97250,2026-04-01
118,Björn Van Der Berg,björn.van.der.berg@example.com,TAX-562100,5254 Main St,BR,46386,20260113
963,Renée García,,TAX-65924,2977 Main St,AU,47642,
24,Michael Müller,michael.müller@mail.com,TAX-854758,9944 Oak Ave,FR,31659,03/06/2026
486,Barbara J.,barbara.jones @example.com,TAX-80861,3869 Oak Ave,,39735,0000-00-00
486,Barbara	Jones,barbara.jones@mail.com,TAX-80861,3869 Oak Ave,FR,39735,2026
486,Barbara Jones,,TAX-80861,3869 Oak Ave,XX,39735,2026-01-15
486,Barbara Jones,barbara.jones@mail.com,N/A,3869 Oak Ave, BR,39735,13/45/2026
486,Barbara Jones,,TAX-80861,3869 Oak Ave,FR,39735,20260613
538,André Martinez,not-an-email,TAX-687415,179 Main St,DE,50590,2026-05-18
294,James Thomas,james.thomas@example.com,,1965 Oak Ave,,39943,
294,James Thomas,james.thomas@example.com,TAX-368289,1965 Oak Ave,FR,39943,20260126
294,,james.thomas @example.com,,1965 Oak Ave,XX,39943,04/17/2026
510,Richard-Nguyễn,,TAX-568231,260 Main St,XX,54094,20260224
1343,Søren O'Brien,søren.obrien@mail.com,TAX-642053,7756 Oak Ave,,28500,20260211
1343,søren o'brien,søren.obrien@mail.com,TAX-642053,7756 Oak Ave,BR,28500,
1343,Søren O'Brien,søren.obrien@mail.com,TAX-642053,7756 Oak Ave,BR,28500,20260211
1343,Søren O'Brien,søren.obrien@mail.com,TAX-642053,7756 Oak Ave,,28500,2026-03-24
1343,Søren O'Brien,søren.obrien@,N/A,7756 Oak Ave,BR,28500,not-a-date
1343,Søren O'Brien,søren.obrien@mail.com,TAX-642053,7756 Oak Ave,ca,28500,04/01/2026
1343,Søren O'Brien,@example.com,TAX-642053,7756 Oak Ave,BR,28500,2026-07-09
1343,søren o'brien,søren.obrien@mail.com,TAX-642053,7756 Oak Ave,,28500,13/45/2026
862,James Øst,james.øst@example.com,TAX-800169,5833 Oak Ave,XX,96061,20260624
862,James Øst,james.øst@example.com,,5833 Oak Ave,XX,96061,not-a-date
862,James Øst,james.øst@example.com,0000000000,5833 Oak Ave,US,96061,20260510
923,William-Lopez,william.lopez@globex.co,TAX-748612,1345 Main St,DE,64203,05/13/2026
923,William Lopez,@example.com,TAX-748612,1345 Main St,DE,64203,0000-00-00
1057,Håkon Van Der Berg,håkon.van.der.berg@mail.com,TAX-801345,3600 Oak Ave,DE,10294,2026-05-05
813,barbara rodriguez,,,3181 Main St,UK,64939,20260515
394,Robert Davis,robert.davis@acme.com,TAX-527416,2896 Oak Ave,,67393,2026-02-15
394,Robert Davis,robert.davis@,,2896 Oak Ave,US,67393,
394,Robert-Davis,robert.davis@acme.com,TAX-527416,2896 Oak Ave,US,67393,01/21/2026
394,Robert Davis,robert.davis@acme.com,TAX-527416,2896 Oak Ave,US,67393,2026-06-25
394,  Robert Davis  ,,TAX-527416,2896 Oak Ave, UK,67393,13/45/2026
151,Joseph Anderson,joseph.anderson@,,9544 Oak Ave,ca,78926,06/24/2026
733,,jessica.van.der.berg@example.com,TAX-773807,8959 Main St, IN,91715,20260501
832,J. Garcia,not-an-email,TAX-35737,5394 Oak Ave,FR,33627,03/10/2026
933,Zoë Anderson,zoë.anderson@mail.com,TAX-469285,6469 Main St,XX,58188,0000-00-00
933,Zoë Anderson,zoë.anderson@mail.com,TAX-469285,6469 Main St,CA,58188,2026-06-02
933,Zoë A.,zoë.anderson@mail.com,,6469 Main St,CA,58188,
1355,David F.,not-an-email,0000000000,265 Main St,CA,86840,20260212
355,David Moore,david.moore@example.com,TAX-402700,3970 Main St,FR,35022,20260405
1425,Zoë Thomas,zoë.thomas@globex.co,,9477 Main St,IN,11019,2026-05-28
913,Barbara W.,barbara.williams@globex.co,TAX-958675,2409 Oak Ave,UK,69340,not-a-date
23,A. García,andré.garcía@mail.com,TAX-807047,3272 Oak Ave,UK,51330,2026-02-19
459,Mary Brown,mary.brown@acme.com,TAX-,2606 Main St, AU,44065,20260621
459,Mary Brown,,TAX-172988,2606 Main St,IN,44065,20260228
459,Mary Brown,mary.brown@acme.com,N/A,2606 Main St,IN,44065,06/03/2026
459,Mary Brown,mary.brown@acme.com,,2606 Main St,IN,44065,2026-07-04
459,MARY BROWN,mary.brown@acme.com,TAX-172988,2606 Main St,IN,44065,05/19/2026
336,thomas jackson,thomas.jackson@globex.co,,6874 Oak Ave, FR,10208,2026
1278,Michael Nguyễn,michael.nguyễn@mail.com,TAX-472765,9365 Main St,UK,32675,20260727
1278,Michael Nguyễn,michael.nguyễn@mail.com,,9365 Main St,UK,32675,13/45/2026
1278,Michael Nguyễn,@example.com,TAX-472765,9365 Main St,UK,32675,
1278,Michael Nguyễn,michael.nguyễn@mail.com,TAX-472765,9365 Main St,UK,32675,13/45/2026
1278,M. Nguyễn,,,9365 Main St,UK,32675,2026-04-04
588,Linda Van Der Berg,linda.van.der.berg@@example.com,TAX-316224,2783 Oak Ave,,80263,not-a-date
588,Linda Van Der Berg,linda.van.der.berg@acme.com,TAX-316224,2783 Oak Ave,BR,80263,03/28/2026
588,Linda Van Der Berg,linda.van.der.berg@acme.com,N/A,2783 Oak Ave,XX,80263,2026-06-22
398,müller garcía,müller.garcía@example.com,TAX-,468 Oak Ave,AU,38156,2026-07-11
614,Barbara O'Brien,barbara.obrien@@example.com,TAX-,6642 Main St,DE,28734,2026-02-19
614,Barbara O'Brien,barbara.obrien@globex.co,TAX-462550,6642 Main St,DE,28734,02/11/2026
177,Elizabeth Anderson,elizabeth.anderson@acme.com,,7674 Main St,BR,55706,2026-02-28
1073,André Brown,,???,2500 Main St,CA,83496,2026
551,José Smith,josé.smith@globex.co,TAX-81585,94 Oak Ave,IN,79900,
830,Linda García,linda.garcía @example.com,???,6607 Oak Ave,CA,40176,0000-00-00
922,Jessica	Müller,,,9861 Oak Ave,XX,14564,
276,John Nguyễn,john.nguyễn@mail.com,TAX-209049,9148 Main St,BR,65209,20260214
422,  Barbara Moore  ,barbara.moore@acme.com,TAX-347334,1968 Oak Ave,UK,20974,20260616
1146,Renée Miller,renée.miller@example.com,TAX-36913,880 Main St,,51936,2026-07-27
1146,Renée	Miller,renée.miller@example.com,TAX-36913,880 Main St,UK,51936,20260321
1146,Renée-Miller,,N/A,880 Main St,UK,51936,
1146,  Renée Miller  ,renée.miller@example.com,TAX-36913,880 Main St,UK,51936,2026-07-11
1146,Renée Miller,not-an-email,TAX-36913,880 Main St,,51936,
1146,Renée Miller,renée.miller@example.com,TAX-36913,880 Main St,UK,51936,2026-05-15
1146,Renée Miller,renée.miller@,,880 Main St,UK,51936,2026-05-18
1146,RENÉE MILLER,renée.miller@example.com,TAX-36913,880 Main St,UK,51936,06/06/2026
726,André Brown,andré.brown@,TAX-114428,2193 Oak Ave,CA,63276,2026-03-15
822,André Jackson,andré.jackson@example.com,???,2286 Main St,AU,28149,01/03/2026
617,Håkon Łukasz,håkon.łukasz@globex.co,TAX-,8048 Main St,,10892,20260302
617,Håkon-Łukasz,@example.com,TAX-473753,8048 Main St,,10892,13/45/2026
617,HÅKON ŁUKASZ,håkon.łukasz@globex.co,TAX-473753,8048 Main St,AU,10892,
617,Håkon Łukasz,håkon.łukasz @example.com,TAX-473753,8048 Main St,AU,10892,13/45/2026
617,Håkon Łukasz,håkon.łukasz@globex.co,TAX-473753,8048 Main St, FR,10892,20260418
115,Zoë Smith,,TAX-806633,7159 Oak Ave,XX,46844,2026-03-26
115,Zoë Smith,zoë.smith@@example.com,TAX-,7159 Oak Ave,BR,46844,13/45/2026
739,Karen Øst,karen.øst @example.com,TAX-73436,9643 Oak Ave,AU,59038,2026-07-05
1336,Susan Miller,susan.miller@example.com,TAX-167583,3073 Main St,BR,65688,06/25/2026
364,Renée Nguyễn,renée.nguyễn@acme.com,TAX-136803,8804 Main St,us,27557,20260115
364,R. Nguyễn,,TAX-136803,8804 Main St,FR,27557,20260405
691,Søren	Lopez,søren.lopez@example.com,TAX-426365,9856 Oak Ave,BR,58489,not-a-date
1181,Nguyễn Thomas,nguyễn.thomas@,TAX-928749,9108 Oak Ave,CA,57533,06/13/2026
1482,  Müller Øst  ,müller.øst@example.com,TAX-514886,5503 Main St,uk,36954,20260510
135,Patricia Martin,,,4844 Oak Ave,XX,37047,13/45/2026
246,David-Nguyễn,david.nguyễn@mail.com,,2973 Oak Ave,,53044,01/25/2026
246,David Nguyễn,david.nguyễn@mail.com,TAX-151661,2973 Oak Ave,IN,53044,2026-06-05
835,José Lopez,josé.lopez@mail.com,TAX-709925,2486 Oak Ave,US,24804,0000-00-00
765,Charles Anderson,charles.anderson@acme.com,,834 Main St,US,36327,2026-01-20
765,Charles Anderson,charles.anderson@acme.com,,834 Main St,US,36327,13/45/2026
765,Charles Anderson,charles.anderson@acme.com,???,834 Main St,US,36327,05/27/2026
765,Charles Anderson,charles.anderson@acme.com,0000000000,834 Main St,US,36327,
765,charles anderson,charles.anderson@acme.com,TAX-734842,834 Main St,US,36327,02/15/2026
1277,  James Anderson  ,,,6596 Oak Ave,UK,13120,07/18/2026
258,Charles	Davis,charles.davis@mail.com,N/A,2754 Oak Ave,IN,55506,not-a-date
1262,Richard Taylor,richard.taylor@globex.co,TAX-285127,8757 Main St,AU,67584,07/05/2026
640,Patricia Taylor,patricia.taylor@mail.com,TAX-,604 Oak Ave,XX,49656,06/07/2026
1189,  Jennifer Smith  ,jennifer.smith@acme.com,???,2275 Main St,DE,56905,
1255,Nguyễn Gonzalez,nguyễn.gonzalez@globex.co,TAX-164064,912 Main St,,72973,not-a-date
648,Håkon Jones,håkon.jones@@example.com,TAX-665873,6997 Main St,br,85585,
792,JOHN MARTIN,john.martin@acme.com,TAX-577047,3755 Main St,,59453,20260202
148,ANDRÉ WILLIAMS,andré.williams@example.com,0000000000,1980 Main St,,10486,20260514
163,Robert Davis,robert.davis@mail.com,TAX-840283,8150 Oak Ave,ca,86510,13/45/2026
1035,James Davis,james.davis@example.com,N/A,4468 Oak Ave,BR,91547,2026
1035,J. Davis,james.davis @example.com,TAX-337146,4468 Oak Ave,BR,91547,2026-06-15
423,T. Jones,thomas.jones@,TAX-326030,2483 Oak Ave,,43896,20260216
1214,Elizabeth Williams,elizabeth.williams@example.com,TAX-912522,1743 Main St,DE,11471,20260521
116,Søren Jackson,,TAX-701428,9095 Oak Ave,AU,85947,
116,S. Jackson,not-an-email,TAX-701428,9095 Oak Ave,AU,85947,2026-04-16
116,Søren Jackson,søren.jackson@mail.com,TAX-701428,9095 Oak Ave,AU,85947,2026
116,Søren-Jackson,søren.jackson @example.com,TAX-701428,9095 Oak Ave,AU,85947,2026-03-27
116,Søren Jackson,søren.jackson@mail.com,,9095 Oak Ave,AU,85947,
167,Nguyễn Jones,nguyễn.jones@acme.com,TAX-544969,7956 Main St,IN,40245,2026
705,José Hernandez,josé.hernandez@acme.com,TAX-355014,1011 Oak Ave,US,96078,20260321
705,J. Hernandez,,TAX-355014,1011 Oak Ave, US,96078,2026-06-23
908,Joseph Williams,,TAX-662598,2424 Main St,DE,41212,01/28/2026
908,joseph williams,,N/A,2424 Main St,,41212,03/28/2026
908,Joseph Williams,joseph.williams@acme.com,TAX-662598,2424 Main St,DE,41212,
908,Joseph Williams,joseph.williams@acme.com,TAX-662598,2424 Main St,DE,41212,02/03/2026
908,Joseph Williams,joseph.williams @example.com,TAX-662598,2424 Main St,DE,41212,2026-01-01
1072,Linda Hernandez,linda.hernandez@,???,9291 Main St,IN,38041,
1072,Linda Hernandez,linda.hernandez@mail.com,TAX-525002,9291 Main St,XX,38041,03/08/2026
1072,Linda Hernandez,linda.hernandez@,???,9291 Main St, UK,38041,07/16/2026
1072,Linda Hernandez,linda.hernandez@mail.com,0000000000,9291 Main St,IN,38041,
1072,  Linda Hernandez  ,linda.hernandez@@example.com,???,9291 Main St,IN,38041,2026
18,Jennifer Hernandez,jennifer.hernandez@example.com,TAX-221347,5170 Main St,CA,91405,20260522
18,Jennifer Hernandez,jennifer.hernandez@example.com,0000000000,5170 Main St,CA,91405,02/28/2026
1304,André Williams,andré.williams@@example.com,TAX-20332,3351 Main St,BR,59085,07/12/2026
627,Elizabeth Jackson,elizabeth.jackson@,TAX-723048,6373 Main St,FR,69718,13/45/2026
627,Elizabeth Jackson,elizabeth.jackson@mail.com,TAX-723048,6373 Main St,FR,69718,05/16/2026
1390,  Robert Gonzalez  ,robert.gonzalez@globex.co,,2934 Main St,AU,46564,04/26/2026
944,,william.rodriguez@mail.com,,8052 Oak Ave,AU,97279,2026-07-17
740,Michael Jones,michael.jones@example.com,TAX-330013,7986 Main St,US,66644,2026-02-25
487,Susan Øst,susan.øst@example.com,TAX-622897,143 Main St,XX,65838,13/45/2026
487,Susan Øst,susan.øst@example.com,TAX-622897,143 Main St,UK,65838,0000-00-00
980,William	Rodriguez,william.rodriguez@@example.com,TAX-479524,2799 Oak Ave,CA,52018,03/14/2026
749,Robert Jackson,robert.jackson@acme.com,,6350 Oak Ave,,80422,2026-01-04
1044,Håkon-Berg,,,2868 Main St,AU,85827,not-a-date
1044,Håkon Van Der Berg,håkon.van.der.berg@mail.com,TAX-256180,2868 Main St,AU,85827,0000-00-00
1044,Håkon Van Der Berg,håkon.van.der.berg@mail.com,TAX-256180,2868 Main St,XX,85827,0000-00-00
1044,Håkon Van Der Berg,håkon.van.der.berg@,,2868 Main St,XX,85827,0000-00-00
1044,Håkon B.,håkon.van.der.berg@mail.com,TAX-256180,2868 Main St,AU,85827,2026-03-19
90,James Hernandez,james.hernandez@mail.com,TAX-429365,1561 Oak Ave,IN,83978,2026-05-26
1472,Joseph García,,TAX-305242,2147 Main St,CA,85641,05/28/2026
91,Håkon T.,håkon.taylor@mail.com,TAX-827168,8175 Main St,us,38917,02/16/2026
196,Barbara Jones,barbara.jones@mail.com,TAX-712330,7115 Oak Ave,UK,51150,2026-01-20
315,Mary Jones,,TAX-616503,3030 Oak Ave,UK,18200,13/45/2026
1079,Müller Martinez,müller.martinez@acme.com,,6120 Oak Ave,FR,99396,not-a-date
1079,Müller-Martinez,müller.martinez@acme.com,TAX-418074,6120 Oak Ave, AU,99396,13/45/2026
1079,  Müller Martinez  ,müller.martinez@acme.com,???,6120 Oak Ave,,99396,20260619
1079,Müller Martinez,müller.martinez@acme.com,TAX-418074,6120 Oak Ave,,99396,20260520
1079,Müller Martinez,@example.com,TAX-,6120 Oak Ave,FR,99396,not-a-date
1079,Müller Martinez,müller.martinez@@example.com,0000000000,6120 Oak Ave, IN,99396,2026-04-07
1079,  Müller Martinez  ,müller.martinez@acme.com,TAX-418074,6120 Oak Ave,FR,99396,0000-00-00
1079,Müller Martinez,müller.martinez@acme.com,,6120 Oak Ave,us,99396,02/15/2026
1304,Barbara Brown,barbara.brown@acme.com,TAX-558457,6500 Oak Ave,,14564,2026-02-16
465,Charles Jones,charles.jones@globex.co,,8167 Oak Ave,IN,79855,05/05/2026
465,Charles Jones,@example.com,TAX-367756,8167 Oak Ave,XX,79855,01/07/2026
465,Charles Jones,charles.jones@globex.co,TAX-367756,8167 Oak Ave,,79855,2026-02-18
383,Robert Van Der Berg,not-an-email,TAX-54638,3086 Oak Ave, US,47115,2026-07-06
383,Robert B.,robert.van.der.berg @example.com,TAX-54638,3086 Oak Ave, IN,47115,06/08/2026
383,Robert	Berg,robert.van.der.berg@mail.com,TAX-,3086 Oak Ave,UK,47115,20260215
383,Robert Van Der Berg,robert.van.der.berg@mail.com,???,3086 Oak Ave,UK,47115,20260323
383,Robert Van Der Berg,@example.com,TAX-54638,3086 Oak Ave,UK,47115,20260107
383,Robert Van Der Berg,robert.van.der.berg@@example.com,???,3086 Oak Ave,UK,47115,01/25/2026
383,Robert Van Der Berg,robert.van.der.berg@mail.com,TAX-54638,3086 Oak Ave,UK,47115,2026-03-02
383,Robert Van Der Berg,robert.van.der.berg@mail.com,TAX-54638,3086 Oak Ave,UK,47115,20260211
227,José-Gonzalez,josé.gonzalez@example.com,,8761 Oak Ave,BR,31470,2026
227,José Gonzalez,josé.gonzalez@example.com,N/A,8761 Oak Ave,BR,31470,2026-01-11
227,José Gonzalez,josé.gonzalez@example.com,TAX-658984,8761 Oak Ave,XX,31470,2026-03-10
227,José Gonzalez,,TAX-658984,8761 Oak Ave,BR,31470,20260410
227,José Gonzalez,josé.gonzalez@@example.com,TAX-658984,8761 Oak Ave,,31470,13/45/2026
227,José Gonzalez,josé.gonzalez@,TAX-658984,8761 Oak Ave,BR,31470,2026-06-14
227,José Gonzalez,josé.gonzalez@example.com,TAX-658984,8761 Oak Ave,BR,31470,2026-01-03
227,José Gonzalez,josé.gonzalez@example.com,TAX-658984,8761 Oak Ave,BR,31470,05/25/2026
312,Renée Gonzalez,renée.gonzalez@mail.com,TAX-984137,562 Oak Ave,br,87144,20260511
872,Richard Johnson,richard.johnson@globex.co,TAX-208792,9073 Oak Ave,,66318,06/19/2026
1252,James	Martinez,james.martinez@mail.com,TAX-448701,6272 Main St,IN,57632,20260520
1252,James Martinez,james.martinez@mail.com,TAX-448701,6272 Main St,IN,57632,2026
1252,james martinez,james.martinez@mail.com,TAX-448701,6272 Main St,XX,57632,
1252,James Martinez,,TAX-448701,6272 Main St,,57632,20260116
1252,James Martinez,james.martinez@mail.com,TAX-448701,6272 Main St, DE,57632,05/26/2026
105,müller lopez,müller.lopez@mail.com,N/A,1547 Oak Ave, UK,88939,2026-07-14
400,  Søren Johnson  ,søren.johnson@mail.com,N/A,8332 Oak Ave,AU,80134,20260719
959,Müller	Rodriguez,müller.rodriguez@globex.co,TAX-649727,175 Oak Ave,FR,98480,03/02/2026
729,Joseph Nguyễn,joseph.nguyễn@example.com,TAX-71579,7718 Oak Ave,UK,28766,03/16/2026
285,Elizabeth Davis,elizabeth.davis@mail.com,,3073 Oak Ave, UK,64171,2026-06-23
1349,Mary Smith,mary.smith@mail.com,???,3915 Oak Ave,CA,56851,0000-00-00
894,ZOË ŁUKASZ,,,2486 Oak Ave,AU,18977,20260218
894,Zoë Łukasz,zoë.łukasz@acme.com,N/A,2486 Oak Ave,,18977,2026-06-04
894,Zoë Łukasz,zoë.łukasz@@example.com,TAX-135570,2486 Oak Ave,AU,18977,2026-07-28
894,Zoë-Łukasz,,,2486 Oak Ave,AU,18977,
894,Zoë Łukasz,zoë.łukasz@acme.com,TAX-,2486 Oak Ave,AU,18977,20260327
985,David Lopez,david.lopez@globex.co,TAX-209639,9412 Oak Ave,,59666,2026-07-07
533,Zoë Brown,zoë.brown@globex.co,TAX-435662,2188 Oak Ave,US,42963,05/13/2026
533,zoë brown,zoë.brown@globex.co,TAX-435662,2188 Oak Ave,US,42963,20260702
533,zoë brown,zoë.brown@globex.co,,2188 Oak Ave,,42963,
590,JOHN SMITH,,,3801 Main St,AU,67293,0000-00-00
141,Nguyễn O'Brien,nguyễn.obrien@mail.com,N/A,1181 Oak Ave, AU,82219,04/24/2026
653,Barbara	Martinez,barbara.martinez@globex.co,TAX-71518,8675 Main St,CA,41516,20260726
145,Patricia Łukasz,,TAX-696796,8612 Main St,IN,51617,20260528
145,Patricia Łukasz,patricia.łukasz@acme.com,TAX-696796,8612 Main St,IN,51617,20260127
145,Patricia Łukasz,patricia.łukasz@acme.com,,8612 Main St,,51617,2026
145,Patricia Łukasz,@example.com,TAX-696796,8612 Main St,IN,51617,20260218
145,Patricia Łukasz,patricia.łukasz@acme.com,TAX-696796,8612 Main St,IN,51617,2026
1397,BJÖRN O'BRIEN,björn.obrien@mail.com,TAX-792050,193 Oak Ave,BR,72870,13/45/2026
600,William Wilson,william.wilson@example.com,TAX-142961,6503 Oak Ave,DE,92051,05/17/2026
847,Sarah Van Der Berg,sarah.van.der.berg@example.com,TAX-670473,1396 Main St,CA,95065,2026-03-17
13,Richard Van Der Berg,richard.van.der.berg@globex.co,,986 Oak Ave,DE,30826,06/14/2026
13,richard van der berg,richard.van.der.berg@globex.co,TAX-21946,986 Oak Ave,DE,30826,02/23/2026
808,Susan Moore,susan.moore @example.com,TAX-735058,7218 Main St,au,97751,03/25/2026
808,,susan.moore@globex.co,TAX-735058,7218 Main St,,97751,01/28/2026
808,Susan Moore,susan.moore@globex.co,TAX-735058,7218 Main St,FR,97751,2026-03-26
808,Susan Moore,susan.moore@globex.co,0000000000,7218 Main St,FR,97751,13/45/2026
808,Susan Moore,susan.moore@globex.co,TAX-735058,7218 Main St,FR,97751,not-a-date
808,Susan Moore,susan.moore@globex.co,TAX-735058,7218 Main St,,97751,03/02/2026
808,Susan Moore,susan.moore@globex.co,TAX-735058,7218 Main St,FR,97751,
808,Susan Moore,susan.moore@globex.co,TAX-735058,7218 Main St,fr,97751,2026-07-18
372,Jennifer Davis,@example.com,TAX-889804,3737 Main St,US,96550,03/05/2026
372,Jennifer Davis,jennifer.davis@acme.com,TAX-889804,3737 Main St,US,96550,07/12/2026
160,W. Martinez,william.martinez@mail.com,0000000000,9070 Main St,BR,63217,
1296,James Brown,@example.com,TAX-822479,7034 Main St, BR,27856,20260727
1296,James Brown,james.brown@example.com,TAX-822479,7034 Main St,CA,27856,not-a-date
1296,James B.,james.brown@example.com,TAX-822479,7034 Main St,CA,27856,20260204
1296,James Brown,james.brown@example.com,TAX-822479,7034 Main St,CA,27856,02/14/2026
1296,  James Brown  ,not-an-email,TAX-822479,7034 Main St,CA,27856,20260211
1296,James Brown,james.brown@example.com,TAX-822479,7034 Main St,,27856,0000-00-00
1296,James B.,james.brown@example.com,TAX-822479,7034 Main St,CA,27856,
1296,J. Brown,james.brown@example.com,0000000000,7034 Main St,CA,27856,01/12/2026
155,W. Hernandez,william.hernandez@example.com,TAX-385735,3832 Main St,CA,39824,2026-01-25
313,Joseph O'Brien,joseph.obrien@,TAX-927381,1684 Oak Ave,DE,66002,not-a-date
543,Mary R.,mary.rodriguez@globex.co,TAX-761581,3129 Main St,IN,23386,06/15/2026
1104,Jennifer Martin,jennifer.martin@,TAX-583871,8686 Oak Ave,de,33524,0000-00-00
600,Thomas J.,thomas.jones@globex.co,TAX-686597,4430 Main St,IN,39699,2026
712,Richard Johnson,not-an-email,,250 Main St,US,86662,20260327
712,Richard Johnson,richard.johnson @example.com,N/A,250 Main St,US,86662,2026-06-20
712,Richard Johnson,richard.johnson@acme.com,0000000000,250 Main St,US,86662,not-a-date
1145,David Williams,not-an-email,TAX-860804,5838 Main St,US,50798,02/08/2026
461,Björn O'Brien,,TAX-89201,8714 Main St,BR,55358,
706,jessica smith,jessica.smith@mail.com,TAX-,9362 Oak Ave,US,30112,
603,José Øst,,TAX-591592,3174 Main St,FR,61660,20260618
1304,Robert Łukasz,,TAX-17518,4689 Main St,AU,49456,
412,L. Fürst,linda.fürst@acme.com,0000000000,5125 Oak Ave,BR,40923,2026
412,Linda Fürst,linda.fürst@acme.com,TAX-750935,5125 Oak Ave,BR,40923,13/45/2026
412,Linda Fürst,,TAX-,5125 Oak Ave,BR,40923,0000-00-00
1445,Barbara	Fürst,barbara.fürst@globex.co,TAX-298106,1106 Oak Ave,UK,21011,0000-00-00
546,mary fürst,,TAX-175668,9260 Main St,US,73074,04/14/2026
217,K. Berg,karen.van.der.berg@,,6815 Oak Ave,IN,88532,20260526
105,Søren Wilson,søren.wilson@globex.co,TAX-260180,624 Oak Ave,IN,91191,04/14/2026
105,Søren Wilson,søren.wilson@globex.co,TAX-260180,624 Oak Ave, CA,91191,2026
105,Søren Wilson,søren.wilson@globex.co,???,624 Oak Ave,,91191,20260514
105,  Søren Wilson  ,søren.wilson@globex.co,TAX-260180,624 Oak Ave,IN,91191,2026-03-19
105,Søren Wilson,søren.wilson@@example.com,0000000000,624 Oak Ave,IN,91191,03/17/2026
105,S. Wilson,not-an-email,TAX-260180,624 Oak Ave,IN,91191,13/45/2026
105,Søren Wilson,,TAX-260180,624 Oak Ave,de,91191,13/45/2026
105,Søren Wilson,søren.wilson@globex.co,TAX-260180,624 Oak Ave,,91191,
379,Søren Nguyễn,søren.nguyễn@globex.co,0000000000,5751 Oak Ave,,56866,20260422
623,James Martin,james.martin @example.com,TAX-336900,58 Oak Ave,BR,34513,20260319
781,Robert Van Der Berg,robert.van.der.berg@globex.co,TAX-996958,8831 Oak Ave,AU,99313,2026-05-05
781,Robert	Berg,robert.van.der.berg@globex.co,,8831 Oak Ave,AU,99313,
536,THOMAS MILLER,thomas.miller@,TAX-925115,6511 Oak Ave,US,40132,2026-01-21
1312,Charles Fürst,,TAX-922137,5658 Main St,AU,30866,02/16/2026
1312,CHARLES FÜRST,charles.fürst@globex.co,TAX-,5658 Main St,AU,30866,2026-05-02
1312,Charles Fürst,charles.fürst@globex.co,,5658 Main St,AU,30866,2026-06-19
846,david lopez,david.lopez@,TAX-487288,7247 Oak Ave,,46932,03/01/2026
61,Karen Martin,karen.martin@example.com,???,5793 Oak Ave,IN,33970,not-a-date
502,Zoë Fürst,zoë.fürst@example.com,TAX-613417,9265 Oak Ave,XX,42572,02/28/2026
649,J. Taylor,,TAX-607429,3559 Main St,,28196,20260201
612,Robert Van Der Berg,robert.van.der.berg @example.com,TAX-272844,7424 Main St,FR,93431,01/20/2026
1055,MÜLLER BROWN,müller.brown@acme.com,TAX-258331,847 Main St,DE,82073,13/45/2026
1055,Müller Brown,müller.brown@acme.com,TAX-258331,847 Main St,,82073,2026-04-07
909,James Gonzalez,james.gonzalez@globex.co,TAX-987706,5530 Oak Ave,FR,97610,2026-03-03
909,James Gonzalez,james.gonzalez@globex.co,???,5530 Oak Ave,,97610,20260625
909,James Gonzalez,not-an-email,TAX-987706,5530 Oak Ave,,97610,02/23/2026
909,James Gonzalez,james.gonzalez@globex.co,TAX-987706,5530 Oak Ave,FR,97610,20260203
909,James	Gonzalez,,TAX-987706,5530 Oak Ave,XX,97610,13/45/2026
824,Jessica Wilson,jessica.wilson@example.com,N/A,1643 Oak Ave,br,96989,04/14/2026
744,,sarah.gonzalez@example.com,TAX-331366,5932 Oak Ave,BR,52830,
184,,linda.taylor@acme.com,N/A,407 Main St,CA,15011,20260413
184,Linda Taylor,linda.taylor@acme.com,TAX-101622,407 Main St,,15011,06/02/2026
184,Linda Taylor,not-an-email,TAX-101622,407 Main St,CA,15011,not-a-date
184,Linda T.,linda.taylor@acme.com,N/A,407 Main St,CA,15011,07/07/2026
184,Linda Taylor,linda.taylor@acme.com,TAX-101622,407 Main St,CA,15011,20260609
184,Linda Taylor,linda.taylor@acme.com,TAX-101622,407 Main St,CA,15011,2026-07-01
184,Linda T.,linda.taylor@acme.com,,407 Main St,XX,15011,2026
184,Linda T.,linda.taylor@acme.com,0000000000,407 Main St,CA,15011,03/25/2026
1288,William Hernandez,william.hernandez@@example.com,TAX-200662,7623 Oak Ave,XX,71200,2026-04-09
1426,André García,andré.garcía@globex.co,0000000000,8375 Main St,UK,99757,20260108
1080,Sarah J.,@example.com,???,1024 Main St,CA,15382,20260608
1080,sarah johnson,sarah.johnson@acme.com,TAX-411006,1024 Main St, DE,15382,05/08/2026
1071,François Rodriguez,françois.rodriguez@example.com,TAX-981096,9425 Oak Ave,AU,52308,2026-02-23
1071,François Rodriguez,@example.com,TAX-981096,9425 Oak Ave,AU,52308,05/01/2026
1078,James Jackson,james.jackson@mail.com,TAX-995279,1269 Main St,AU,21368,2026-04-04
1151,  David Hernandez  ,david.hernandez@mail.com,???,3890 Oak Ave,AU,29801,20260111
888,Richard García,richard.garcía @example.com,TAX-393980,6678 Main St,IN,46009,20260121
1024,Robert Brown,robert.brown@,,1131 Oak Ave,ca,25750,2026-07-27
27,Susan Garcia,susan.garcia@acme.com,0000000000,1426 Oak Ave,IN,57250,0000-00-00
556,Charles Van Der Berg,,,8018 Oak Ave,AU,99235,2026
583,David Anderson,david.anderson@mail.com,TAX-673891,4806 Oak Ave,US,51865,02/03/2026
1255,William M.,william.müller@mail.com,TAX-361429,8769 Oak Ave,IN,15890,04/28/2026
953,JOSEPH HERNANDEZ,joseph.hernandez@acme.com,TAX-868302,8159 Oak Ave,AU,43998,0000-00-00
1112,Søren Łukasz,søren.łukasz@@example.com,TAX-724325,7822 Oak Ave,FR,41879,2026-06-14
1112,Søren Łukasz,søren.łukasz@globex.co,,7822 Oak Ave,FR,41879,2026
1100,Björn N.,björn.nguyễn@globex.co,TAX-30536,3718 Main St,CA,80891,2026
1100,  Björn Nguyễn  ,björn.nguyễn@,TAX-30536,3718 Main St,CA,80891,20260327
1100,Björn-Nguyễn,björn.nguyễn@globex.co,0000000000,3718 Main St,,80891,01/09/2026
777,  Karen Müller  ,,N/A,4214 Main St,AU,85732,2026
777,Karen Müller,karen.müller@globex.co,TAX-839008,4214 Main St,AU,85732,
777,Karen Müller,karen.müller@globex.co,TAX-839008,4214 Main St, AU,85732,20260709
48,David Davis,,TAX-443482,4502 Oak Ave,au,49096,03/01/2026
1045,Elizabeth Jackson,,0000000000,6799 Oak Ave,,11845,20260111
1479,Karen	Nguyễn,karen.nguyễn@example.com,TAX-732895,5258 Oak Ave,AU,88816,02/09/2026
1479,Karen Nguyễn,karen.nguyễn @example.com,TAX-732895,5258 Oak Ave,AU,88816,
1479,KAREN NGUYỄN,karen.nguyễn@example.com,N/A,5258 Oak Ave,AU,88816,
632,Thomas Øst,thomas.øst@globex.co,0000000000,4522 Main St,CA,96618,20260507
632,Thomas Øst,not-an-email,N/A,4522 Main St,CA,96618,13/45/2026
632,Thomas Øst,thomas.øst@globex.co,TAX-202410,4522 Main St,CA,96618,20260721
632,Thomas Øst,thomas.øst @example.com,TAX-202410,4522 Main St,CA,96618,2026-04-27
632,Thomas Øst,thomas.øst@@example.com,TAX-202410,4522 Main St, BR,96618,not-a-date
632,Thomas Øst,thomas.øst@globex.co,TAX-202410,4522 Main St,CA,96618,2026
632,Thomas Øst,thomas.øst@globex.co,TAX-202410,4522 Main St,CA,96618,20260511
632,Thomas-Øst,thomas.øst@globex.co,TAX-202410,4522 Main St,CA,96618,05/07/2026
387,MICHAEL VAN DER BERG,michael.van.der.berg@example.com,TAX-68327,3093 Main St,de,83974,0000-00-00
1323,Richard Garcia,richard.garcia@@example.com,TAX-510301,3968 Main St,DE,96722,2026
1413,Jennifer Williams,jennifer.williams@acme.com,TAX-143217,5900 Main St,BR,64225,20260509
75,  Michael Van Der Berg  ,michael.van.der.berg@globex.co,TAX-746407,525 Main St,FR,23013,13/45/2026
75,Michael Van Der Berg,michael.van.der.berg@globex.co,TAX-746407,525 Main St,FR,23013,02/27/2026
75,M. Berg,michael.van.der.berg@globex.co,TAX-746407,525 Main St,FR,23013,
75,MICHAEL VAN DER BERG,michael.van.der.berg@globex.co,???,525 Main St,,23013,02/04/2026
75,Michael Van Der Berg,michael.van.der.berg@globex.co,TAX-,525 Main St,FR,23013,2026-06-12
1231,Søren Moore,søren.moore@globex.co,,2920 Oak Ave,,76306,not-a-date
697,Müller Thomas,müller.thomas@acme.com,TAX-949460,4808 Oak Ave,XX,86340,0000-00-00
697,Müller Thomas,müller.thomas@acme.com,TAX-949460,4808 Oak Ave,IN,86340,2026-03-18
1420,Zoë-Thomas,zoë.thomas@acme.com,TAX-,1807 Oak Ave,US,56435,20260528
1420,Zoë Thomas,zoë.thomas@acme.com,TAX-730851,1807 Oak Ave,US,56435,13/45/2026
1420,Zoë Thomas,,TAX-730851,1807 Oak Ave,US,56435,2026-01-12
1420,Zoë T.,@example.com,0000000000,1807 Oak Ave,XX,56435,20260717
1420,Zoë Thomas,not-an-email,TAX-730851,1807 Oak Ave,XX,56435,2026-06-04
1420,Zoë Thomas,,TAX-730851,1807 Oak Ave,US,56435,2026-02-03
1420,Zoë Thomas,zoë.thomas@acme.com,0000000000,1807 Oak Ave,US,56435,2026
1420,Zoë Thomas,,TAX-,1807 Oak Ave, US,56435,2026-06-09
64,josé garcia,josé.garcia@mail.com,TAX-802261,7362 Oak Ave,BR,85524,13/45/2026
376,Zoë Øst,zoë.øst@globex.co,TAX-471040,3872 Oak Ave,AU,23939,2026-06-17
376,Zoë Øst,zoë.øst@globex.co,N/A,3872 Oak Ave,AU,23939,2026-02-21
376,  Zoë Øst  ,zoë.øst@globex.co,TAX-471040,3872 Oak Ave,AU,23939,
1135,Michael	Martin,michael.martin@acme.com,???,2363 Main St,UK,61455,
488,Karen Hernandez,karen.hernandez@example.com,TAX-665839,3460 Oak Ave,US,19893,04/28/2026
412,William Smith,william.smith@example.com,TAX-801916,3638 Main St,UK,67717,2026-05-10
1318,Susan Thomas,,TAX-556757,685 Main St,BR,70858,2026-01-15
119,Håkon Rodriguez,håkon.rodriguez@globex.co,,7069 Main St,US,77679,0000-00-00
119,Håkon Rodriguez,@example.com,N/A,7069 Main St,US,77679,
119,  Håkon Rodriguez  ,håkon.rodriguez@globex.co,0000000000,7069 Main St,US,77679,2026-07-03
119,Håkon Rodriguez,,TAX-,7069 Main St,US,77679,2026-04-18
119,Håkon R.,,N/A,7069 Main St,US,77679,
119,Håkon Rodriguez,håkon.rodriguez@globex.co,TAX-,7069 Main St,US,77679,05/19/2026
119,Håkon-Rodriguez,,TAX-380701,7069 Main St,US,77679,2026
119,Håkon Rodriguez,not-an-email,TAX-380701,7069 Main St,XX,77679,2026-07-23
33,Renée Müller,renée.müller@example.com,TAX-797684,5773 Oak Ave,US,55211,
1489,Zoë	Anderson,zoë.anderson@acme.com,TAX-,9325 Main St,US,45103,
1489,Zoë Anderson,not-an-email,TAX-180727,9325 Main St,US,45103,20260620
1489,Zoë Anderson,zoë.anderson@@example.com,TAX-180727,9325 Main St,US,45103,2026-01-24
183,Susan García,,TAX-126647,3389 Main St,,54879,2026-03-04
1068,Susan-Garcia,susan.garcia@mail.com,TAX-537113,7258 Main St,,10686,2026-05-23
982,Björn Wilson,,TAX-413690,6883 Oak Ave,CA,47854,2026
62,Michael Øst,@example.com,TAX-,8308 Oak Ave, UK,67909,2026-06-28
1415,John Lopez,john.lopez@mail.com,TAX-437062,3569 Oak Ave,BR,11409,07/01/2026
363,William Hernandez,,TAX-153520,8442 Oak Ave,CA,78064,06/11/2026
363,William Hernandez,william.hernandez@acme.com,,8442 Oak Ave,CA,78064,0000-00-00
363,W. Hernandez,william.hernandez@acme.com,TAX-153520,8442 Oak Ave,CA,78064,20260517
363,William	Hernandez,william.hernandez@acme.com,TAX-153520,8442 Oak Ave, CA,78064,13/45/2026
363,William Hernandez,william.hernandez@@example.com,TAX-153520,8442 Oak Ave,ca,78064,20260416
557,Zoë-Wilson,not-an-email,N/A,6112 Main St,XX,56701,
803,Zoë Moore,,TAX-714276,7201 Main St,DE,74756,2026-04-16
843,Linda Johnson,not-an-email,TAX-683200,467 Main St,UK,20762,07/24/2026
611,Elizabeth Jackson,elizabeth.jackson@acme.com,TAX-550668,7578 Main St,UK,13403,0000-00-00
1463,T. Smith,thomas.smith@,TAX-936202,6938 Oak Ave,BR,39164,05/05/2026
670,J. Martinez,,TAX-463260,2936 Oak Ave,IN,80699,20260606
1434,Karen Martin,karen.martin@@example.com,TAX-522084,9982 Main St,,68605,not-a-date
1048,Jennifer Moore,jennifer.moore@example.com,TAX-692985,7785 Oak Ave,BR,95589,2026-07-05
1048,Jennifer Moore,jennifer.moore@example.com,TAX-692985,7785 Oak Ave,BR,95589,2026-03-20
1048,Jennifer-Moore,jennifer.moore@example.com,TAX-692985,7785 Oak Ave,,95589,13/45/2026
523,Linda Jackson,linda.jackson@example.com,0000000000,8405 Main St,FR,71633,01/18/2026
1201,André T.,andré.taylor@@example.com,TAX-433322,888 Main St,FR,45880,2026-07-23
1189,Joseph Müller,not-an-email,TAX-292420,6787 Oak Ave,de,75825,not-a-date
1189,Joseph Müller,,TAX-292420,6787 Oak Ave,UK,75825,not-a-date
1189,Joseph Müller,joseph.müller@globex.co,TAX-,6787 Oak Ave,,75825,2026
1189,Joseph Müller,joseph.müller@globex.co,TAX-292420,6787 Oak Ave,UK,75825,
1189,Joseph Müller,joseph.müller@globex.co,TAX-292420,6787 Oak Ave,UK,75825,20260422
1189,Joseph Müller,joseph.müller@globex.co,TAX-292420,6787 Oak Ave,UK,75825,2026-07-06
1189,Joseph Müller,,0000000000,6787 Oak Ave, DE,75825,20260203
1189,Joseph Müller,joseph.müller@globex.co,???,6787 Oak Ave,,75825,05/20/2026
1075,James Lopez,james.lopez@globex.co,,5657 Oak Ave,,29270,not-a-date
875,Nguyễn Øst,nguyễn.øst@mail.com,TAX-613409,8953 Main St,BR,76115,20260421
74,Søren-Øst,søren.øst@example.com,TAX-906046,7808 Oak Ave,IN,85499,
1291,William	Thomas,william.thomas@globex.co,???,6477 Oak Ave,,40794,2026-01-25
1252,Thomas Øst,,TAX-138448,1546 Main St,XX,30119,
376,Nguyễn Nguyễn,nguyễn.nguyễn@globex.co,TAX-439929,8224 Oak Ave,FR,90770,03/21/2026
1217,Müller Johnson,müller.johnson@example.com,TAX-552321,5429 Oak Ave,AU,38940,2026-04-12
133,  John Anderson  ,john.anderson@,TAX-394402,1275 Main St,DE,93587,06/01/2026
1228,Susan Smith,susan.smith@example.com,TAX-334323,8740 Oak Ave,CA,90128,20260713
1204,Nguyễn Williams,nguyễn.williams@acme.com,TAX-958413,6901 Main St,FR,43445,
501,Renée Jones,@example.com,TAX-228596,8676 Oak Ave,BR,42298,20260119
501,RENÉE JONES,renée.jones@acme.com,???,8676 Oak Ave, IN,42298,
446,Sarah Rodriguez,,TAX-476452,3115 Oak Ave,,49697,2026
1146,Håkon Taylor,@example.com,0000000000,3939 Main St,AU,35923,2026-05-21
230,Thomas Taylor,thomas.taylor@acme.com,TAX-213196,125 Oak Ave,XX,57274,2026-02-28
719,Mary Øst,,,3786 Main St,AU,37658,
719,Mary Øst,mary.øst@acme.com,TAX-581979,3786 Main St,,37658,2026-07-14
719,Mary Øst,mary.øst@acme.com,TAX-581979,3786 Main St,AU,37658,2026-01-26
719,Mary Øst,not-an-email,,3786 Main St,,37658,
719,Mary Øst,mary.øst@,TAX-581979,3786 Main St,,37658,not-a-date
719,Mary Øst,mary.øst@acme.com,TAX-581979,3786 Main St,,37658,20260703
719,Mary Øst,,TAX-581979,3786 Main St,AU,37658,20260115
719,Mary Øst,,,3786 Main St,AU,37658,01/26/2026
460,,sarah.anderson@mail.com,TAX-939090,6058 Oak Ave,US,71045,
26,Björn Łukasz,,TAX-257048,3573 Main St,,99990,13/45/2026
1202,Mary Müller,not-an-email,TAX-684476,988 Oak Ave, IN,80567,13/45/2026
1202,Mary Müller,mary.müller@example.com,???,988 Oak Ave,fr,80567,2026-05-09
1202,Mary Müller,@example.com,,988 Oak Ave,UK,80567,2026-05-17
531,Håkon Müller,håkon.müller@globex.co,TAX-616197,480 Main St,US,66233,20260417
413,Müller Williams,@example.com,TAX-275570,2218 Main St,CA,63702,2026-07-12
29,Joseph Wilson,joseph.wilson@,TAX-274486,998 Oak Ave,ca,30812,13/45/2026
1396,Zoë Smith,zoë.smith@mail.com,TAX-661045,8170 Oak Ave,,76215,20260408
1419,Karen Jones,karen.jones@mail.com,TAX-56706,91 Oak Ave,,98184,0000-00-00
1419,Karen Jones,@example.com,TAX-56706,91 Oak Ave,US,98184,
1419,Karen Jones,karen.jones@mail.com,N/A,91 Oak Ave, UK,98184,2026-02-09
1419,Karen Jones,not-an-email,TAX-56706,91 Oak Ave,US,98184,20260709
1419,Karen Jones,karen.jones@mail.com,N/A,91 Oak Ave,US,98184,
41,Robert Müller,robert.müller@mail.com,TAX-,3347 Main St,FR,55571,2026-05-03
939,Barbara-Brown,barbara.brown@mail.com,,1526 Main St,US,75040,not-a-date
939,Barbara Brown,,TAX-424845,1526 Main St,US,75040,
939,Barbara Brown,barbara.brown@mail.com,N/A,1526 Main St,,75040,not-a-date
1392,Thomas Williams,thomas.williams@acme.com,TAX-235236,1376 Oak Ave,IN,26534,07/13/2026
1433,Elizabeth Williams,elizabeth.williams@mail.com,TAX-835080,9624 Oak Ave,FR,79788,2026
579,John Jones,not-an-email,TAX-952690,1311 Main St,BR,50414,not-a-date
374,Håkon Lopez,håkon.lopez@,???,339 Oak Ave,XX,34175,2026-03-11
1162,Renée Davis,,TAX-757906,9422 Main St,UK,79415,2026-07-17
1162,Renée D.,renée.davis@globex.co,TAX-757906,9422 Main St,,79415,13/45/2026
1162,Renée Davis,renée.davis@globex.co,TAX-757906,9422 Main St,UK,79415,20260622
1162,Renée	Davis,@example.com,TAX-,9422 Main St,XX,79415,
1162,,,TAX-757906,9422 Main St,UK,79415,13/45/2026
1012,Joseph Rodriguez,joseph.rodriguez@example.com,TAX-868958,9849 Oak Ave,,25442,20260310
1012,joseph rodriguez,joseph.rodriguez@example.com,TAX-868958,9849 Oak Ave,UK,25442,07/07/2026
1012,,joseph.rodriguez@example.com,TAX-868958,9849 Oak Ave,,25442,20260221
845,José Müller,josé.müller@example.com,TAX-649969,9071 Oak Ave,,21791,2026-06-08
863,Björn García,björn.garcía@acme.com,,9951 Main St,DE,71736,2026-07-14
863,Björn García,björn.garcía@acme.com,TAX-107481,9951 Main St,DE,71736,0000-00-00
863,Björn-García,björn.garcía@acme.com,TAX-107481,9951 Main St,DE,71736,20260227
863,Björn García,björn.garcía@@example.com,TAX-107481,9951 Main St,DE,71736,20260520
863,björn garcía,,TAX-107481,9951 Main St,DE,71736,2026-06-03
863,Björn García,björn.garcía@acme.com,TAX-107481,9951 Main St,DE,71736,2026-03-19
863,BJÖRN GARCÍA,björn.garcía@,TAX-107481,9951 Main St,DE,71736,0000-00-00
863,Björn García,björn.garcía@,TAX-107481,9951 Main St,DE,71736,03/24/2026
1475,elizabeth o'brien,elizabeth.obrien@example.com,TAX-601974,6512 Main St,CA,40683,06/11/2026
356,James Fürst,,TAX-430919,5530 Main St,XX,24268,20260607
356,James F.,james.fürst@globex.co,0000000000,5530 Main St,CA,24268,not-a-date
356,James Fürst,,TAX-430919,5530 Main St,CA,24268,20260113
356,James Fürst,not-an-email,TAX-430919,5530 Main St,CA,24268,2026-01-14
356,James Fürst,james.fürst@globex.co,TAX-,5530 Main St,uk,24268,20260121
356,JAMES FÜRST,james.fürst@globex.co,0000000000,5530 Main St,XX,24268,20260608
356,James	Fürst,james.fürst@globex.co,TAX-430919,5530 Main St,de,24268,2026-04-13
356,James Fürst,james.fürst@,TAX-430919,5530 Main St,CA,24268,2026
735,  Müller Nguyễn  ,müller.nguyễn @example.com,TAX-366326,2780 Oak Ave,ca,66645,2026
226,Jennifer Taylor,jennifer.taylor@globex.co,TAX-206142,678 Oak Ave,FR,58844,05/22/2026
821,Charles Gonzalez,,TAX-747224,7949 Oak Ave,FR,68156,13/45/2026
821,charles gonzalez,charles.gonzalez@acme.com,TAX-747224,7949 Oak Ave, IN,68156,2026-04-26
1006,JOHN DAVIS,not-an-email,TAX-795024,8080 Oak Ave,in,67966,
109,David Gonzalez,,TAX-837622,5221 Oak Ave,US,93346,2026-04-27
109,David Gonzalez,david.gonzalez@example.com,,5221 Oak Ave,,93346,2026
109,David-Gonzalez,david.gonzalez@@example.com,TAX-837622,5221 Oak Ave,US,93346,not-a-date
109,David	Gonzalez,not-an-email,0000000000,5221 Oak Ave,,93346,06/24/2026
109,David Gonzalez,david.gonzalez@example.com,TAX-837622,5221 Oak Ave,US,93346,2026
109,David Gonzalez,david.gonzalez@example.com,TAX-837622,5221 Oak Ave,US,93346,20260516
109,David Gonzalez,david.gonzalez @example.com,TAX-837622,5221 Oak Ave,US,93346,20260618
109,David Gonzalez,,TAX-837622,5221 Oak Ave, UK,93346,2026-02-18
1369,,zoë.smith@@example.com,TAX-742403,3570 Main St,CA,59651,20260603
1369,Zoë Smith,zoë.smith@example.com,,3570 Main St,CA,59651,not-a-date
1369,Zoë Smith,,???,3570 Main St,,59651,2026
1369,Zoë	Smith,zoë.smith@example.com,,3570 Main St,,59651,not-a-date
1369,Zoë Smith,zoë.smith@example.com,TAX-742403,3570 Main St,CA,59651,06/17/2026
1263,  Barbara Van Der Berg  ,barbara.van.der.berg@example.com,N/A,251 Oak Ave,DE,17698,20260615
203,Müller Nguyễn,@example.com,,4311 Main St,FR,94970,20260615
425,David Øst,@example.com,TAX-284579,877 Main St,XX,87054,20260509
1370,José Łukasz,josé.łukasz@,???,6249 Oak Ave,,43163,13/45/2026
370,françois van der berg,françois.van.der.berg@mail.com,N/A,7790 Main St,IN,78112,2026
304,Thomas García,,TAX-514481,9634 Oak Ave,XX,42637,not-a-date
304,Thomas García,thomas.garcía@globex.co,TAX-514481,9634 Oak Ave,IN,42637,01/24/2026
304,Thomas García,thomas.garcía@globex.co,TAX-514481,9634 Oak Ave,fr,42637,2026-04-03
304,  Thomas García  ,thomas.garcía @example.com,TAX-514481,9634 Oak Ave,,42637,20260106
304,Thomas García,thomas.garcía@globex.co,,9634 Oak Ave,IN,42637,07/04/2026
304,,thomas.garcía@globex.co,TAX-,9634 Oak Ave, DE,42637,20260424
304,Thomas García,thomas.garcía @example.com,TAX-514481,9634 Oak Ave,IN,42637,06/16/2026
304,thomas garcía,thomas.garcía@globex.co,TAX-514481,9634 Oak Ave,IN,42637,2026-06-20
237,David Anderson,david.anderson @example.com,TAX-570327,1591 Main St,CA,78306,20260524
237,David Anderson,not-an-email,TAX-570327,1591 Main St,CA,78306,07/07/2026
237,David Anderson,david.anderson@example.com,TAX-570327,1591 Main St,CA,78306,01/07/2026
237,,david.anderson@example.com,TAX-570327,1591 Main St,,78306,07/11/2026
237,D. Anderson,david.anderson@example.com,TAX-570327,1591 Main St,CA,78306,2026-02-01
349,John	Taylor,,0000000000,1009 Oak Ave,,80114,2026-03-01
445,James-Müller,james.müller@globex.co,0000000000,2147 Oak Ave,,68910,not-a-date
1304,Nguyễn Gonzalez,nguyễn.gonzalez@example.com,,5548 Main St,IN,99348,20260314
1007,Linda	Williams,linda.williams@@example.com,TAX-248194,2243 Main St,,37190,0000-00-00
76,Renée Hernandez,renée.hernandez@mail.com,TAX-275696,4538 Main St,XX,58330,2026-01-12
1232,Karen Martin,karen.martin@example.com,TAX-668676,6368 Main St,,45062,2026-04-23
341,André Garcia,andré.garcia @example.com,TAX-796139,6811 Oak Ave,AU,58212,2026
1198,Patricia G.,,TAX-,6777 Oak Ave, US,83318,20260513
1323,JOHN JONES,john.jones@globex.co,TAX-786353,5087 Oak Ave, IN,85036,
1323,John Jones,john.jones@globex.co,???,5087 Oak Ave,XX,85036,0000-00-00
1323,John Jones,not-an-email,,5087 Oak Ave,FR,85036,20260326
879,Nguyễn Fürst,nguyễn.fürst@example.com,0000000000,4239 Oak Ave,,38620,2026-06-20
677,Renée Łukasz,renée.łukasz@example.com,TAX-741541,2905 Main St,US,29370,01/22/2026
260,J. Moore,,TAX-53183,486 Main St,IN,27226,0000-00-00
1400,Björn Smith,björn.smith@acme.com,TAX-917670,6453 Main St, UK,84502,not-a-date
1371,sarah williams,sarah.williams@acme.com,TAX-263726,9098 Main St,IN,10764,not-a-date
1014,Søren Taylor,,TAX-898225,6147 Main St,,37011,
77,Susan Müller,susan.müller@acme.com,TAX-100926,4281 Main St,XX,11723,07/02/2026
87,William Nguyễn,william.nguyễn@acme.com,N/A,2505 Main St,CA,10860,04/25/2026
676,,nguyễn.garcía@example.com,TAX-649034,6617 Main St,AU,67542,13/45/2026
1018,David Davis,david.davis@@example.com,TAX-201666,6748 Oak Ave,FR,21729,
1018,David Davis,david.davis@@example.com,,6748 Oak Ave,br,21729,02/03/2026
1018,David Davis,,TAX-201666,6748 Oak Ave, CA,21729,2026-04-03
1018,  David Davis  ,david.davis@mail.com,TAX-201666,6748 Oak Ave,FR,21729,0000-00-00
1018,david davis,david.davis@mail.com,N/A,6748 Oak Ave,FR,21729,07/04/2026
1018,David Davis,david.davis@mail.com,TAX-201666,6748 Oak Ave,FR,21729,07/26/2026
1018,,david.davis@mail.com,0000000000,6748 Oak Ave,XX,21729,2026-01-04
1018,David Davis,david.davis@mail.com,0000000000,6748 Oak Ave,FR,21729,03/03/2026
1382,Charles Martin,charles.martin@mail.com,TAX-,9617 Oak Ave,FR,25355,13/45/2026
1382,  Charles Martin  ,charles.martin@mail.com,TAX-649535,9617 Oak Ave,FR,25355,05/23/2026
1382,,charles.martin @example.com,0000000000,9617 Oak Ave,FR,25355,20260423
129,Charles Müller,charles.müller@globex.co,N/A,4856 Main St,DE,96770,2026
129,Charles Müller,charles.müller@globex.co,TAX-445429,4856 Main St,DE,96770,
129,charles müller,charles.müller@@example.com,TAX-445429,4856 Main St,DE,96770,20260704
129,Charles Müller,not-an-email,TAX-445429,4856 Main St,DE,96770,2026-04-09
129,Charles Müller,charles.müller@globex.co,TAX-445429,4856 Main St,DE,96770,2026-05-23
1262,Robert	Garcia,robert.garcia@mail.com,N/A,7868 Oak Ave,in,65654,2026-07-15
1262,Robert Garcia,,TAX-887292,7868 Oak Ave, BR,65654,13/45/2026
1262,Robert Garcia,robert.garcia @example.com,TAX-887292,7868 Oak Ave,DE,65654,02/11/2026
1078,JOSÉ MÜLLER,josé.müller@globex.co,TAX-,7343 Main St,CA,83110,2026-04-10
1310,  Thomas O'Brien  ,thomas.obrien @example.com,TAX-478894,6864 Main St,FR,29157,13/45/2026
1212,SØREN ŁUKASZ,søren.łukasz@example.com,N/A,6974 Main St,FR,10845,2026-05-18
673,Björn	Davis,björn.davis@globex.co,TAX-626846,4195 Oak Ave,US,90472,
1032,  Michael Lopez  ,michael.lopez@,TAX-448888,7925 Oak Ave,AU,27355,05/13/2026
839,Zoë Łukasz,zoë.łukasz@mail.com,TAX-709044,5103 Main St,ca,77477,2026-03-11
1410,François Brown,françois.brown@acme.com,TAX-638551,7286 Oak Ave,DE,19387,20260612
1153,Jennifer Smith,jennifer.smith@acme.com,TAX-706505,2278 Main St,FR,89827,04/15/2026
1424,Jennifer-Garcia,jennifer.garcia@mail.com,TAX-677141,3047 Oak Ave,AU,90353,2026-01-25
133,William Rodriguez,william.rodriguez@mail.com,TAX-,1491 Main St, CA,71406,not-a-date
1219,Richard Rodriguez,richard.rodriguez@mail.com,N/A,246 Oak Ave,,15304,2026-05-10
1494,Robert	Moore,robert.moore@globex.co,TAX-142090,4184 Main St,AU,59585,
864,William Lopez,william.lopez@globex.co,N/A,8661 Main St,UK,21506,01/11/2026
1089,Zoë O'Brien,zoë.obrien@acme.com,TAX-675106,714 Oak Ave,US,85933,03/22/2026
1089,Zoë O'Brien,zoë.obrien@acme.com,TAX-675106,714 Oak Ave,US,85933,20260318
1101,Renée García,renée.garcía@acme.com,TAX-994553,598 Main St,IN,85553,20260316
1101,Renée	García,renée.garcía@acme.com,TAX-994553,598 Main St,IN,85553,04/08/2026
1101,Renée	García,renée.garcía @example.com,TAX-994553,598 Main St,IN,85553,2026-01-16
1101,Renée García,,0000000000,598 Main St,IN,85553,03/23/2026
1101,Renée García,renée.garcía@@example.com,TAX-994553,598 Main St,IN,85553,
1101,Renée García,not-an-email,TAX-994553,598 Main St,IN,85553,
1101,Renée García,renée.garcía@acme.com,TAX-994553,598 Main St,in,85553,
1101,Renée G.,renée.garcía@,TAX-994553,598 Main St,IN,85553,03/16/2026
1483,Robert Fürst,robert.fürst@example.com,N/A,7751 Main St,uk,64693,20260602
1021,John Nguyễn,not-an-email,TAX-810872,3595 Oak Ave,CA,38102,05/10/2026
492,Michael Martinez,michael.martinez@acme.com,,6951 Main St,BR,29127,2026-05-19
492,Michael Martinez,michael.martinez@acme.com,TAX-910754,6951 Main St,,29127,not-a-date
992,Michael Martin,,TAX-919041,4654 Oak Ave,fr,24423,07/18/2026
1300,Nguyễn Jones,nguyễn.jones@example.com,,8543 Oak Ave, IN,42961,20260208
1300,,,TAX-108374,8543 Oak Ave,UK,42961,20260526
242,David Miller,david.miller@acme.com,TAX-809142,24 Main St,AU,29018,2026-02-23
1052,Jennifer Jackson,,N/A,7801 Oak Ave,IN,86811,2026-05-28
88,D. Garcia,david.garcia@acme.com,TAX-184563,3630 Main St,FR,86658,06/28/2026
1104,José	Müller,josé.müller@globex.co,0000000000,2930 Oak Ave,US,51612,20260627
749,Charles Smith,charles.smith@acme.com,TAX-421277,8531 Main St, CA,25708,2026-02-26
749,Charles Smith,charles.smith@acme.com,TAX-421277,8531 Main St,AU,25708,2026
749,Charles Smith,charles.smith@acme.com,N/A,8531 Main St,AU,25708,20260518
749,Charles Smith,charles.smith@acme.com,???,8531 Main St,AU,25708,13/45/2026
749,Charles Smith,charles.smith@acme.com,N/A,8531 Main St,AU,25708,
749,Charles Smith,charles.smith@acme.com,TAX-421277,8531 Main St,AU,25708,20260220
749,Charles-Smith,charles.smith@acme.com,TAX-421277,8531 Main St,AU,25708,01/20/2026
749,Charles Smith,@example.com,TAX-421277,8531 Main St,XX,25708,2026-07-10
978,Björn Williams,not-an-email,TAX-975590,8762 Oak Ave,FR,79560,2026-07-06
844,Sarah T.,sarah.thomas@mail.com,N/A,9763 Main St,IN,20552,2026-07-24
1134,Linda G.,linda.garcia@acme.com,TAX-430013,4972 Oak Ave, BR,75158,2026-03-24
551,Renée B.,renée.brown@example.com,TAX-352217,4586 Oak Ave,UK,49180,13/45/2026
1356,Sarah Lopez,sarah.lopez@acme.com,TAX-451534,2929 Oak Ave,AU,86563,not-a-date
1356,Sarah Lopez,sarah.lopez@acme.com,TAX-451534,2929 Oak Ave,AU,86563,13/45/2026
1356,sarah lopez,,TAX-,2929 Oak Ave,AU,86563,0000-00-00
1013,M. Miller,,TAX-928256,1362 Main St,IN,29546,2026-05-10
944,Müller Garcia,müller.garcia@globex.co,TAX-42940,395 Main St,UK,94878,04/24/2026
944,Müller Garcia,müller.garcia@globex.co,TAX-,395 Main St,UK,94878,02/02/2026
944,Müller Garcia,müller.garcia@globex.co,TAX-42940,395 Main St,UK,94878,2026-01-02
1326,Joseph Jackson,joseph.jackson@example.com,TAX-639233,9051 Oak Ave,XX,58706,2026-05-11
1117,Zoë O.,,TAX-251989,7336 Oak Ave,AU,75975,03/11/2026
1301,David	Garcia,david.garcia@mail.com,TAX-380490,4205 Oak Ave,CA,51746,2026-04-22
1301,David-Garcia,david.garcia@mail.com,TAX-380490,4205 Oak Ave,CA,51746,06/21/2026
1301,  David Garcia  ,david.garcia@mail.com,TAX-380490,4205 Oak Ave,CA,51746,2026-04-25
1301,David Garcia,,TAX-380490,4205 Oak Ave,CA,51746,2026-03-28
1301,D. Garcia,david.garcia@mail.com,TAX-380490,4205 Oak Ave,CA,51746,2026-06-27
1301,David G.,david.garcia@@example.com,,4205 Oak Ave,CA,51746,20260312
1301,David-Garcia,david.garcia@mail.com,???,4205 Oak Ave,CA,51746,06/04/2026
1301,david garcia,david.garcia@,TAX-380490,4205 Oak Ave,CA,51746,20260318
883,Sarah Van Der Berg,sarah.van.der.berg@mail.com,0000000000,3307 Oak Ave,AU,71846,2026-04-08
1153,John Łukasz,john.łukasz@acme.com,TAX-698543,7641 Oak Ave, BR,70740,
1438,Jessica Lopez,jessica.lopez@mail.com,0000000000,8515 Oak Ave, FR,88527,2026-02-18
1438,Jessica L.,jessica.lopez@mail.com,TAX-935660,8515 Oak Ave, AU,88527,2026-07-02
1438,Jessica Lopez,jessica.lopez@@example.com,TAX-,8515 Oak Ave,CA,88527,2026-01-15
1438,Jessica Lopez,jessica.lopez@mail.com,TAX-935660,8515 Oak Ave,,88527,20260714
1438,Jessica Lopez,jessica.lopez@,TAX-935660,8515 Oak Ave,CA,88527,20260421
1438,Jessica Lopez,jessica.lopez@mail.com,TAX-935660,8515 Oak Ave,CA,88527,2026-05-09
1438,Jessica Lopez,jessica.lopez@mail.com,0000000000,8515 Oak Ave,XX,88527,04/03/2026
1438,Jessica L.,jessica.lopez @example.com,N/A,8515 Oak Ave,CA,88527,20260706
681,Nguyễn M.,nguyễn.müller@globex.co,TAX-250125,9825 Main St,US,60474,2026-02-11
681,Nguyễn Müller,nguyễn.müller@globex.co,,9825 Main St,US,60474,
681,Nguyễn Müller,nguyễn.müller@globex.co,TAX-250125,9825 Main St,uk,60474,2026
681,Nguyễn	Müller,nguyễn.müller@globex.co,,9825 Main St,XX,60474,20260106
681,  Nguyễn Müller  ,nguyễn.müller@globex.co,TAX-250125,9825 Main St,br,60474,20260602
18,Renée Garcia,not-an-email,TAX-375485,990 Oak Ave,FR,79245,05/24/2026
1233,B. Müller,björn.müller@acme.com,TAX-701634,6468 Oak Ave,FR,43150,
1320,Richard Johnson,richard.johnson@@example.com,TAX-321235,8648 Oak Ave,,63721,2026-01-09
101,Linda Moore,linda.moore @example.com,N/A,4584 Main St,XX,43256,06/11/2026
101,LINDA MOORE,linda.moore@globex.co,TAX-772471,4584 Main St,IN,43256,0000-00-00
101,linda moore,linda.moore@globex.co,???,4584 Main St, CA,43256,
49,John Williams,not-an-email,N/A,1931 Oak Ave,,60012,
548,Linda Moore,linda.moore@mail.com,TAX-198226,751 Oak Ave, UK,97554,20260122
517,,not-an-email,TAX-816628,303 Oak Ave,AU,63606,2026
460,Jennifer O'Brien,,TAX-,8172 Oak Ave,BR,10998,20260301
350,Zoë Brown,zoë.brown@example.com,0000000000,5569 Oak Ave,,91577,2026
350,Zoë Brown,zoë.brown@example.com,TAX-989633,5569 Oak Ave,XX,91577,04/08/2026
350,Zoë Brown,zoë.brown@example.com,TAX-989633,5569 Oak Ave,CA,91577,20260605
350,Zoë Brown,not-an-email,TAX-989633,5569 Oak Ave,CA,91577,20260105
350,Zoë Brown,zoë.brown@example.com,TAX-989633,5569 Oak Ave,us,91577,2026-03-09
350,Zoë Brown,zoë.brown@,TAX-989633,5569 Oak Ave,CA,91577,
350,Zoë Brown,zoë.brown@example.com,TAX-989633,5569 Oak Ave,br,91577,02/03/2026
350,  Zoë Brown  ,zoë.brown@example.com,TAX-989633,5569 Oak Ave,XX,91577,04/16/2026
688,Thomas Jackson,thomas.jackson@example.com,TAX-96488,4639 Main St,UK,49536,not-a-date
158,Linda Martin,linda.martin@mail.com,TAX-762533,8503 Oak Ave,,14775,20260617
192,Michael Hernandez,michael.hernandez@globex.co,???,4561 Main St,XX,17000,
192,Michael Hernandez,michael.hernandez@globex.co,0000000000,4561 Main St, DE,17000,not-a-date
192,  Michael Hernandez  ,michael.hernandez@globex.co,TAX-198881,4561 Main St,UK,17000,01/22/2026
192,Michael Hernandez,michael.hernandez@,TAX-198881,4561 Main St,UK,17000,2026-05-24
192,michael hernandez,michael.hernandez@globex.co,TAX-198881,4561 Main St,UK,17000,2026-02-26
192,Michael Hernandez,michael.hernandez@globex.co,TAX-198881,4561 Main St,UK,17000,2026-03-21
192,Michael Hernandez,michael.hernandez@globex.co,TAX-198881,4561 Main St,UK,17000,0000-00-00
192,Michael Hernandez,michael.hernandez@globex.co,TAX-198881,4561 Main St,UK,17000,2026-04-28
683,William Brown,william.brown@,,1132 Oak Ave,,26812,2026-06-27
1126,Renée Martin,renée.martin@example.com,TAX-120092,8954 Main St,CA,41844,0000-00-00
305,Håkon Taylor,håkon.taylor@globex.co,TAX-157631,8978 Oak Ave,CA,97139,2026
1320,J. Gonzalez,josé.gonzalez @example.com,0000000000,2850 Main St,IN,96389,2026-07-27
544,François Martin,françois.martin@mail.com,,7318 Oak Ave,IN,92556,
785,Renée Williams,renée.williams@globex.co,TAX-220261,9199 Oak Ave,XX,99306,
1232,André G.,andré.garcía@globex.co,TAX-398135,7253 Main St,FR,71389,2026-06-24
1391,Håkon R.,håkon.rodriguez@,TAX-137530,4661 Oak Ave,IN,50284,
115,Renée García,renée.garcía@globex.co,TAX-158672,2586 Main St, UK,54969,03/10/2026
115,Renée García,renée.garcía@,TAX-158672,2586 Main St,CA,54969,20260425
443,Nguyễn Anderson,nguyễn.anderson@mail.com,N/A,8420 Oak Ave,DE,59796,20260408
443,Nguyễn Anderson,nguyễn.anderson@mail.com,TAX-954559,8420 Oak Ave,DE,59796,2026-05-08
443,Nguyễn Anderson,nguyễn.anderson@mail.com,TAX-954559,8420 Oak Ave,us,59796,20260120
443,Nguyễn Anderson,nguyễn.anderson@mail.com,TAX-954559,8420 Oak Ave,DE,59796,2026
443,Nguyễn Anderson,nguyễn.anderson@mail.com,TAX-,8420 Oak Ave,,59796,not-a-date
1087,Joseph O'Brien,joseph.obrien@globex.co,TAX-399254,2267 Oak Ave, DE,64361,20260722
789,Patricia Smith,patricia.smith@example.com,TAX-633506,1286 Main St,AU,52626,01/17/2026
33,Elizabeth Miller,elizabeth.miller@globex.co,TAX-,591 Main St,,44600,20260413
549,Sarah Jones,not-an-email,TAX-295070,1428 Oak Ave,,32984,2026
859,Jessica Nguyễn,@example.com,,290 Oak Ave,,17667,2026-02-19
1215,Michael Jones,michael.jones@acme.com,TAX-206516,8775 Main St,DE,97647,2026-02-04
698,J. Taylor,james.taylor@globex.co,TAX-,6586 Oak Ave,AU,36868,2026-03-11
698,James Taylor,not-an-email,TAX-,6586 Oak Ave,AU,36868,2026-02-16
774,Jennifer Brown,jennifer.brown@,???,8001 Main St,,89337,not-a-date
774,Jennifer Brown,,TAX-826978,8001 Main St,FR,89337,07/24/2026
774,Jennifer Brown,jennifer.brown@mail.com,TAX-826978,8001 Main St,FR,89337,2026-06-03
774,Jennifer Brown,jennifer.brown@mail.com,TAX-826978,8001 Main St,FR,89337,2026-05-26
774,Jennifer Brown,@example.com,???,8001 Main St,FR,89337,2026-06-17
774,J. Brown,,TAX-826978,8001 Main St,FR,89337,
774,,,TAX-826978,8001 Main St,FR,89337,05/03/2026
774,Jennifer Brown,jennifer.brown@mail.com,0000000000,8001 Main St,FR,89337,13/45/2026
1280,Håkon Nguyễn,,???,2663 Oak Ave,CA,31438,20260428
23,Michael Davis,@example.com,TAX-683765,1890 Oak Ave,DE,88947,06/09/2026
1019,Sarah Gonzalez,@example.com,0000000000,4647 Main St,DE,49394,2026-06-06
955,James	Øst,james.øst @example.com,TAX-840143,2329 Oak Ave,XX,22061,
991,Joseph Moore,joseph.moore@globex.co,???,5708 Oak Ave,AU,26146,04/20/2026
1477,William Lopez,william.lopez@example.com,TAX-711338,1249 Main St,DE,43618,2026-07-26
1477,William Lopez,,TAX-,1249 Main St,DE,43618,2026-01-15
1477,William Lopez,william.lopez@example.com,TAX-711338,1249 Main St,DE,43618,06/17/2026
1477,William Lopez,william.lopez@example.com,TAX-711338,1249 Main St,DE,43618,2026-03-25
1477,,william.lopez@example.com,TAX-711338,1249 Main St, FR,43618,03/05/2026
713,Barbara Miller,barbara.miller@mail.com,TAX-126795,6492 Oak Ave,IN,68347,06/10/2026
1082,John Müller,john.müller@example.com,TAX-139675,2027 Main St,UK,76008,0000-00-00
1380,Håkon Johnson,håkon.johnson@example.com,TAX-451819,1464 Oak Ave,,89214,not-a-date
1133,Karen Moore,karen.moore@acme.com,TAX-85419,3515 Main St,CA,51123,0000-00-00
1133,Karen Moore,karen.moore@acme.com,TAX-85419,3515 Main St,CA,51123,20260115
1133,,karen.moore@acme.com,0000000000,3515 Main St,CA,51123,20260415
1133,Karen Moore,karen.moore@,TAX-85419,3515 Main St,CA,51123,2026-02-01
1133,Karen Moore,karen.moore@acme.com,TAX-85419,3515 Main St,XX,51123,20260220
1133,Karen Moore,karen.moore@acme.com,TAX-85419,3515 Main St, DE,51123,01/16/2026
1133,Karen Moore,karen.moore@acme.com,TAX-85419,3515 Main St,CA,51123,2026
1133,Karen Moore,karen.moore@acme.com,TAX-85419,3515 Main St,CA,51123,20260415
376,Renée N.,renée.nguyễn@acme.com,,3573 Oak Ave,au,49130,04/09/2026
376,Renée Nguyễn,renée.nguyễn@acme.com,TAX-731619,3573 Oak Ave,CA,49130,2026-01-11
376,  Renée Nguyễn  ,renée.nguyễn @example.com,,3573 Oak Ave,CA,49130,2026
376,Renée Nguyễn,renée.nguyễn@,TAX-731619,3573 Oak Ave,XX,49130,2026-05-13
376,Renée Nguyễn,renée.nguyễn@acme.com,TAX-,3573 Oak Ave,CA,49130,not-a-date
376,Renée Nguyễn,renée.nguyễn@acme.com,TAX-731619,3573 Oak Ave,CA,49130,2026
376,renée nguyễn,,TAX-731619,3573 Oak Ave,CA,49130,04/12/2026
376,Renée Nguyễn,renée.nguyễn@acme.com,,3573 Oak Ave,au,49130,13/45/2026
23,François	Moore,françois.moore@acme.com,TAX-762447,2928 Main St,CA,94976,2026-04-24
462,Michael Müller,@example.com,N/A,262 Main St,DE,80013,2026-05-03
1099,Karen Fürst,karen.fürst@mail.com,TAX-,5275 Oak Ave,FR,46465,0000-00-00
609,Thomas Müller,thomas.müller@mail.com,TAX-516954,7086 Oak Ave,CA,71238,02/08/2026
1495,Joseph Wilson,,TAX-488172,9959 Main St,FR,44994,01/21/2026
598,Mary Hernandez,mary.hernandez@acme.com,,7222 Oak Ave,UK,23771,2026-07-20
533,Linda	Hernandez,linda.hernandez@example.com,,8732 Main St,DE,29495,2026
351,Richard Łukasz,richard.łukasz@acme.com,TAX-519144,6697 Main St,UK,12656,
478,Thomas	Lopez,thomas.lopez@example.com,TAX-178422,5288 Oak Ave,BR,42416,20260603
713,David Müller,david.müller@acme.com,TAX-352238,3844 Oak Ave,in,86482,01/20/2026
713,David	Müller,david.müller @example.com,TAX-352238,3844 Oak Ave, IN,86482,
434,Patricia Brown,patricia.brown@acme.com,TAX-875917,1129 Oak Ave,BR,65887,
1351,Linda	Moore,linda.moore@example.com,,5116 Oak Ave,XX,58847,2026-02-03
445,Richard Lopez,richard.lopez@@example.com,TAX-395634,210 Main St,us,74132,07/12/2026
851,Håkon Rodriguez,håkon.rodriguez@,TAX-146937,7092 Main St,BR,89977,06/08/2026
901,Sarah Johnson,sarah.johnson@,TAX-714493,2158 Oak Ave,IN,41288,2026
355,Susan Davis,susan.davis@globex.co,TAX-,3088 Oak Ave,AU,99592,2026-06-04
1216,KAREN FÜRST,karen.fürst@acme.com,N/A,9063 Main St,US,97445,
787,  Richard Moore  ,richard.moore@@example.com,???,2800 Main St,AU,33965,not-a-date
423,Karen Jones,karen.jones@example.com,TAX-,8744 Main St,IN,61420,2026-04-21
409,Joseph	Miller,joseph.miller@acme.com,TAX-313205,5986 Oak Ave,DE,47189,2026-06-14
1242,Joseph Smith,joseph.smith@mail.com,N/A,3826 Main St,XX,97813,2026-02-27
1242,Joseph Smith,joseph.smith@mail.com,TAX-936705,3826 Main St,XX,97813,03/22/2026
1242,Joseph-Smith,,TAX-936705,3826 Main St,IN,97813,2026-07-21
1242,J. Smith,,N/A,3826 Main St,IN,97813,2026-03-24
1242,Joseph Smith,joseph.smith@mail.com,TAX-936705,3826 Main St,IN,97813,
1242,Joseph Smith,joseph.smith@mail.com,N/A,3826 Main St,IN,97813,2026
1242,Joseph Smith,joseph.smith@mail.com,TAX-936705,3826 Main St,au,97813,02/25/2026
1242,Joseph Smith,joseph.smith@mail.com,TAX-936705,3826 Main St,,97813,01/22/2026
706,Sarah O'Brien,sarah.obrien@acme.com,TAX-372235,4395 Oak Ave,AU,45138,05/07/2026
264,Sarah Nguyễn,sarah.nguyễn@example.com,N/A,7846 Oak Ave,US,81246,0000-00-00
264,SARAH NGUYỄN,sarah.nguyễn@example.com,TAX-412156,7846 Oak Ave,US,81246,03/25/2026
264,Sarah Nguyễn,sarah.nguyễn@example.com,TAX-412156,7846 Oak Ave,XX,81246,2026
264,Sarah Nguyễn,sarah.nguyễn@example.com,TAX-412156,7846 Oak Ave, BR,81246,20260715
264,SARAH NGUYỄN,sarah.nguyễn@example.com,N/A,7846 Oak Ave,US,81246,0000-00-00
264,Sarah Nguyễn,sarah.nguyễn@example.com,TAX-412156,7846 Oak Ave,XX,81246,20260501
264,Sarah Nguyễn,sarah.nguyễn@,TAX-412156,7846 Oak Ave,US,81246,2026-06-01
264,Sarah Nguyễn,sarah.nguyễn@example.com,TAX-412156,7846 Oak Ave,,81246,2026-05-13
462,karen anderson,karen.anderson @example.com,TAX-,4939 Main St,XX,71652,
648,Robert Smith,robert.smith @example.com,TAX-17758,8957 Oak Ave,US,52290,2026-07-04
811,Björn O'Brien,björn.obrien@example.com,TAX-968344,2584 Oak Ave,IN,43273,05/12/2026
811,B. O'Brien,björn.obrien@example.com,TAX-968344,2584 Oak Ave,fr,43273,2026
979,françois nguyễn,françois.nguyễn@mail.com,TAX-322963,7965 Oak Ave,DE,23673,13/45/2026
354,Barbara Fürst,@example.com,N/A,5858 Main St,,20881,
942,MICHAEL SMITH,michael.smith@mail.com,???,4192 Oak Ave,IN,65194,2026-02-24
526,Björn Müller,björn.müller@mail.com,TAX-231938,6086 Oak Ave,CA,64030,20260710
526,Björn Müller,björn.müller@mail.com,TAX-231938,6086 Oak Ave,CA,64030,2026-01-05
526,Björn Müller,björn.müller@@example.com,TAX-231938,6086 Oak Ave,CA,64030,2026
3,J. Smith,john.smith@globex.co,0000000000,3309 Oak Ave,UK,17647,0000-00-00
565,François Nguyễn,,TAX-428683,3163 Oak Ave,DE,23666,07/07/2026
20,Michael	Jones,not-an-email,TAX-655278,1050 Oak Ave,FR,48574,2026-04-02
685,Håkon Jones,håkon.jones@example.com,TAX-370522,3345 Main St,BR,67280,not-a-date
201,James Gonzalez,james.gonzalez@example.com,TAX-137792,5743 Main St, US,38655,06/21/2026
329,THOMAS WILLIAMS,thomas.williams@@example.com,TAX-781619,2847 Main St,,42733,01/14/2026
1263,  Barbara O'Brien  ,barbara.obrien@example.com,0000000000,2304 Main St,FR,34098,01/26/2026
1013,F. Jackson,françois.jackson@example.com,TAX-61378,2246 Main St,IN,93354,2026-05-18
665,Nguyễn Nguyễn,@example.com,TAX-575019,9541 Main St,BR,54755,
244,Mary Moore,@example.com,,8393 Main St,BR,98293,
132,Charles Miller,charles.miller@globex.co,N/A,8070 Oak Ave,DE,37348,2026-02-25
1341,Michael Smith,michael.smith@mail.com,TAX-43236,353 Oak Ave,,96139,2026-05-10
660,Müller Smith,@example.com,TAX-,2110 Main St,,89003,07/22/2026
550,  Barbara Hernandez  ,barbara.hernandez@mail.com,TAX-548133,4487 Main St,FR,77247,2026-02-04
550,Barbara Hernandez,barbara.hernandez@mail.com,TAX-548133,4487 Main St, FR,77247,2026
550,Barbara Hernandez,barbara.hernandez@mail.com,,4487 Main St,FR,77247,2026-02-19
459,John Wilson,john.wilson @example.com,TAX-22204,6414 Main St,AU,21211,
716,charles brown,,TAX-27258,7408 Oak Ave,BR,81270,20260627
317,RICHARD MILLER,richard.miller @example.com,TAX-917815,1979 Main St,,40828,2026-04-27
144,Michael Thomas,michael.thomas @example.com,TAX-349225,8321 Oak Ave,AU,88635,20260721
411,B. Fürst,barbara.fürst@example.com,TAX-30977,8017 Oak Ave,UK,73539,20260622
884,Nguyễn Jones,nguyễn.jones@,TAX-,2314 Main St,DE,28778,20260213
884,Nguyễn Jones,nguyễn.jones@@example.com,???,2314 Main St,XX,28778,2026-06-01
884,Nguyễn Jones,nguyễn.jones@@example.com,TAX-965631,2314 Main St,,28778,
884,Nguyễn J.,nguyễn.jones@mail.com,N/A,2314 Main St,DE,28778,2026
884,N. Jones,nguyễn.jones@mail.com,TAX-965631,2314 Main St, CA,28778,07/15/2026
1291,Renée Wilson,renée.wilson@globex.co,,6972 Oak Ave,BR,61328,2026-07-10
1188,Linda Martinez,linda.martinez@mail.com,TAX-404613,2535 Main St,FR,21678,13/45/2026
1201,John Martin,john.martin@globex.co,,2125 Main St,BR,15587,2026-05-19
1289,Nguyễn Nguyễn,nguyễn.nguyễn@example.com,TAX-,6832 Main St,UK,17729,06/02/2026
189,Sarah Miller,,,4813 Main St,AU,94685,20260216
369,William Nguyễn,william.nguyễn@globex.co,0000000000,3895 Main St,br,36537,2026-07-23
369,William Nguyễn,william.nguyễn@globex.co,TAX-107363,3895 Main St,BR,36537,not-a-date
25,PATRICIA ŁUKASZ,patricia.łukasz@example.com,TAX-371781,1039 Main St,US,62600,20260426
210,Linda Martin,linda.martin@@example.com,TAX-143966,1662 Oak Ave,IN,16011,06/10/2026
210,LINDA MARTIN,,TAX-143966,1662 Oak Ave,IN,16011,2026
210,linda martin,linda.martin@@example.com,TAX-143966,1662 Oak Ave, UK,16011,20260425
717,,håkon.obrien@globex.co,???,4832 Oak Ave,BR,23776,20260113
717,Håkon O'Brien,håkon.obrien@globex.co,TAX-148385,4832 Oak Ave,,23776,20260622
1175,Michael Martinez,@example.com,,7727 Main St,,79066,06/20/2026
175,Barbara Müller,@example.com,???,7199 Oak Ave,BR,68131,04/12/2026
1146,James Gonzalez,james.gonzalez@mail.com,TAX-365865,6280 Main St,BR,98191,06/09/2026
971,William O'Brien,william.obrien@mail.com,TAX-378551,8148 Main St,US,90286,
639,Joseph S.,joseph.smith@,TAX-269151,1205 Main St,,46836,05/15/2026
639,Joseph Smith,joseph.smith@mail.com,TAX-,1205 Main St,IN,46836,
639,Joseph Smith,joseph.smith@mail.com,TAX-269151,1205 Main St,,46836,20260205
639,Joseph Smith,joseph.smith@mail.com,TAX-269151,1205 Main St,in,46836,02/12/2026
639,Joseph Smith,joseph.smith@mail.com,N/A,1205 Main St,,46836,20260712
1461,Michael Łukasz,michael.łukasz@example.com,N/A,3216 Main St,BR,66366,20260415
1461,M. Łukasz,,0000000000,3216 Main St,BR,66366,20260623
1461,MICHAEL ŁUKASZ,,TAX-728697,3216 Main St,BR,66366,20260305
1461,Michael Łukasz,michael.łukasz@,TAX-728697,3216 Main St,XX,66366,not-a-date
1461,Michael Łukasz,,TAX-728697,3216 Main St,XX,66366,2026-05-09
1461,Michael Łukasz,michael.łukasz@example.com,,3216 Main St,BR,66366,2026-04-13
1461,Michael Łukasz,michael.łukasz@example.com,TAX-728697,3216 Main St,BR,66366,0000-00-00
1461,Michael Łukasz,,TAX-728697,3216 Main St,BR,66366,20260508
1113,Zoë Fürst,zoë.fürst@globex.co,,6901 Main St,BR,21177,
851,Robert Van Der Berg,robert.van.der.berg@globex.co,???,1366 Main St,DE,14789,20260517
681,Zoë Jackson,zoë.jackson@example.com,,6807 Oak Ave,US,33720,not-a-date
1318,Michael Wilson,michael.wilson@acme.com,TAX-908958,1725 Main St,IN,73630,20260705
295,Susan Rodriguez,not-an-email,TAX-537562,809 Oak Ave,FR,20341,20260222
295,Susan Rodriguez,susan.rodriguez@mail.com,TAX-537562,809 Oak Ave,FR,20341,not-a-date
643,Björn Anderson,björn.anderson@,TAX-506776,5215 Oak Ave,CA,91636,
1375,Müller-Berg,,TAX-24516,6750 Oak Ave,AU,11340,2026-05-06
1375,Müller B.,,TAX-24516,6750 Oak Ave,AU,11340,2026-07-19
711,Barbara Van Der Berg,barbara.van.der.berg@mail.com,TAX-717974,4719 Oak Ave, CA,30324,06/06/2026
199,  John Taylor  ,john.taylor@globex.co,TAX-881447,6111 Main St,FR,90514,20260219
1338,Thomas-Anderson,,TAX-645045,9658 Main St, US,91389,2026-05-04
1280,Nguyễn Fürst,nguyễn.fürst@acme.com,TAX-159831,8408 Oak Ave,XX,26178,20260208
973,André Jackson,andré.jackson@example.com,TAX-677377,9638 Main St,BR,36165,03/16/2026
300,Nguyễn Rodriguez,nguyễn.rodriguez@mail.com,TAX-758360,4463 Oak Ave,BR,98311,2026-07-08
609,Richard Hernandez,,N/A,2719 Oak Ave,ca,67566,05/13/2026
609,Richard Hernandez,richard.hernandez@@example.com,TAX-390810,2719 Oak Ave,,67566,13/45/2026
609,Richard Hernandez,richard.hernandez@globex.co,TAX-390810,2719 Oak Ave,XX,67566,20260409
1342,Mary Gonzalez,mary.gonzalez@example.com,TAX-929328,7576 Main St,BR,92670,01/04/2026
1342,Mary Gonzalez,mary.gonzalez@example.com,???,7576 Main St,BR,92670,20260314
1342,Mary	Gonzalez,mary.gonzalez@example.com,TAX-929328,7576 Main St,BR,92670,20260611
1342,mary gonzalez,mary.gonzalez@example.com,N/A,7576 Main St,BR,92670,2026-06-16
1342,Mary Gonzalez,mary.gonzalez@,N/A,7576 Main St, CA,92670,20260208
505,Renée Miller,,0000000000,5110 Oak Ave,,89912,0000-00-00
505,Renée Miller,renée.miller@globex.co,TAX-669566,5110 Oak Ave,BR,89912,20260423
505,R. Miller,renée.miller@globex.co,TAX-669566,5110 Oak Ave,,89912,2026
505,Renée Miller,@example.com,TAX-669566,5110 Oak Ave,BR,89912,
505,Renée Miller,renée.miller@globex.co,TAX-669566,5110 Oak Ave,BR,89912,04/20/2026
162,ROBERT O'BRIEN,robert.obrien@globex.co,TAX-184743,775 Main St,IN,75615,20260110
162,Robert-O'Brien,,TAX-184743,775 Main St, IN,75615,20260109
162,Robert	O'Brien,robert.obrien@globex.co,TAX-184743,775 Main St,IN,75615,20260513
162,Robert O'Brien,robert.obrien@globex.co,TAX-184743,775 Main St,de,75615,2026-02-11
162,Robert O.,robert.obrien@globex.co,TAX-184743,775 Main St,,75615,2026-04-25
1226,Jessica B.,,TAX-,2223 Main St,fr,26498,20260106
722,,mary.łukasz@acme.com,TAX-709639,9316 Main St,IN,93292,2026-04-20
57,richard müller,@example.com,,2515 Oak Ave,de,51608,20260614
686,Müller Wilson,,TAX-103229,8091 Oak Ave,IN,88122,20260326
1029,François Miller,françois.miller@example.com,TAX-526784,4047 Oak Ave, AU,94298,2026-06-08
833,Patricia O'Brien,patricia.obrien@acme.com,N/A,1016 Oak Ave,uk,88952,13/45/2026
19,Håkon D.,,0000000000,6153 Main St, FR,38774,
188,Zoë-Łukasz,,TAX-32735,3962 Main St,UK,97693,2026-06-14
188,Zoë Łukasz,zoë.łukasz@example.com,TAX-,3962 Main St,,97693,20260313
188,Zoë Łukasz,zoë.łukasz @example.com,TAX-32735,3962 Main St,,97693,03/28/2026
82,Jennifer Wilson,jennifer.wilson@acme.com,???,1963 Oak Ave, DE,80049,2026-05-17
522,Karen Anderson,karen.anderson@globex.co,TAX-270169,7479 Main St,FR,21287,2026
522,Karen Anderson,karen.anderson@globex.co,TAX-270169,7479 Main St,au,21287,20260228
522,Karen Anderson,karen.anderson@globex.co,TAX-270169,7479 Main St,FR,21287,2026-05-21
124,Michael Hernandez,michael.hernandez@globex.co,N/A,7813 Main St,,53118,20260118
280,Sarah Jackson,not-an-email,0000000000,621 Oak Ave,FR,84429,2026-06-09
449,François-Rodriguez,françois.rodriguez@,,3543 Main St,,99966,0000-00-00
449,,françois.rodriguez@example.com,N/A,3543 Main St,BR,99966,2026-03-27
36,Patricia Rodriguez,patricia.rodriguez@example.com,TAX-552645,1874 Main St,IN,38743,
409,Nguyễn Anderson,nguyễn.anderson @example.com,TAX-764828,779 Oak Ave,CA,28519,2026
409,Nguyễn Anderson,,TAX-764828,779 Oak Ave,CA,28519,20260218
409,Nguyễn Anderson,nguyễn.anderson@acme.com,TAX-764828,779 Oak Ave,XX,28519,20260519
409,NGUYỄN ANDERSON,nguyễn.anderson@acme.com,TAX-764828,779 Oak Ave,CA,28519,20260107
409,nguyễn anderson,,TAX-764828,779 Oak Ave,CA,28519,04/07/2026
409,Nguyễn Anderson,nguyễn.anderson @example.com,TAX-764828,779 Oak Ave,CA,28519,06/03/2026
409,,,TAX-764828,779 Oak Ave,XX,28519,
409,Nguyễn Anderson,nguyễn.anderson@acme.com,,779 Oak Ave,XX,28519,06/14/2026
720,Patricia Williams,,TAX-783329,107 Oak Ave,AU,58989,not-a-date
276,,thomas.garcia@example.com,TAX-504044,5416 Oak Ave,au,55854,2026
276,Thomas Garcia,thomas.garcia@,,5416 Oak Ave,FR,55854,not-a-date
276,Thomas Garcia,thomas.garcia@example.com,TAX-504044,5416 Oak Ave,FR,55854,20260415
276,THOMAS GARCIA,,TAX-504044,5416 Oak Ave,FR,55854,2026-05-10
276,Thomas Garcia,not-an-email,TAX-504044,5416 Oak Ave,FR,55854,
276,Thomas Garcia,,TAX-504044,5416 Oak Ave,FR,55854,0000-00-00
276,Thomas Garcia,thomas.garcia@example.com,TAX-504044,5416 Oak Ave,FR,55854,20260125
276,Thomas Garcia,thomas.garcia@example.com,,5416 Oak Ave,FR,55854,01/21/2026
1107,Patricia Brown,patricia.brown@acme.com,TAX-698791,4625 Main St,,83312,2026-03-15
1107,Patricia Brown,patricia.brown@,,4625 Main St,DE,83312,04/02/2026
1107,Patricia-Brown,patricia.brown@acme.com,TAX-698791,4625 Main St,,83312,20260121
1107,Patricia Brown,patricia.brown@,TAX-698791,4625 Main St, FR,83312,2026-01-12
1107,Patricia Brown,patricia.brown@acme.com,TAX-698791,4625 Main St,DE,83312,not-a-date
1107,Patricia Brown,not-an-email,TAX-698791,4625 Main St,DE,83312,2026-03-02
1107,P. Brown,patricia.brown@acme.com,TAX-,4625 Main St,DE,83312,13/45/2026
1107,Patricia Brown,patricia.brown@acme.com,TAX-,4625 Main St,DE,83312,2026-04-14
1242,André Hernandez,andré.hernandez@mail.com,,817 Oak Ave,XX,59340,01/20/2026
946,André Johnson,,TAX-563554,8069 Oak Ave,IN,25478,2026-02-09
657,Björn Williams,björn.williams@mail.com,,1628 Main St,CA,22143,03/11/2026
717,J. Hernandez,joseph.hernandez@acme.com,???,3695 Oak Ave,CA,93304,20260719
982,André Davis,andré.davis@acme.com,,1961 Main St,IN,31170,20260415
982,  André Davis  ,,???,1961 Main St,,31170,not-a-date
982,André Davis,andré.davis@acme.com,,1961 Main St,IN,31170,2026-03-04
982,A. Davis,andré.davis@acme.com,,1961 Main St,IN,31170,2026-07-26
982,André Davis,andré.davis@acme.com,TAX-579937,1961 Main St,IN,31170,2026-03-27
664,,françois.øst@mail.com,TAX-516067,5065 Main St,,21176,0000-00-00
640,M. Lopez,@example.com,TAX-188722,9438 Oak Ave,CA,75797,2026-07-11
640,Müller Lopez,müller.lopez@acme.com,0000000000,9438 Oak Ave,CA,75797,13/45/2026
945,Mary Müller,mary.müller@globex.co,TAX-349241,2582 Oak Ave,de,72521,2026
945,Mary Müller,mary.müller@globex.co,TAX-349241,2582 Oak Ave, IN,72521,2026
945,Mary Müller,mary.müller@,0000000000,2582 Oak Ave,FR,72521,not-a-date
944,,håkon.wilson@acme.com,N/A,8027 Oak Ave,au,74789,01/17/2026
511,José Gonzalez,josé.gonzalez@globex.co,TAX-100593,6959 Oak Ave,DE,54586,03/12/2026
511,José Gonzalez,josé.gonzalez@,N/A,6959 Oak Ave,DE,54586,2026-01-03
1424,Robert Łukasz,robert.łukasz@globex.co,TAX-740884,9686 Oak Ave,US,37396,03/26/2026
1424,,@example.com,???,9686 Oak Ave,,37396,02/01/2026
1424,Robert Łukasz,robert.łukasz @example.com,TAX-740884,9686 Oak Ave,US,37396,2026-02-11
1424,Robert Łukasz,robert.łukasz@globex.co,TAX-740884,9686 Oak Ave,US,37396,02/25/2026
1424,Robert Łukasz,,TAX-740884,9686 Oak Ave,US,37396,05/15/2026
106,David Hernandez,david.hernandez@globex.co,???,236 Oak Ave,FR,74678,2026-07-26
931,Michael Taylor,michael.taylor@acme.com,0000000000,9154 Main St,,55874,not-a-date
363,Müller Gonzalez,müller.gonzalez@globex.co,TAX-749028,6805 Main St,,35750,0000-00-00
363,Müller Gonzalez,müller.gonzalez@globex.co,TAX-749028,6805 Main St,US,35750,2026-05-27
363,  Müller Gonzalez  ,müller.gonzalez@globex.co,TAX-749028,6805 Main St,US,35750,07/10/2026
239,F. Martinez,françois.martinez@acme.com,TAX-,1087 Main St,UK,79046,04/24/2026
1085,Elizabeth Gonzalez,not-an-email,TAX-783814,9696 Oak Ave,uk,81349,20260521
1085,Elizabeth Gonzalez,elizabeth.gonzalez@example.com,TAX-783814,9696 Oak Ave,us,81349,
1085,Elizabeth Gonzalez,elizabeth.gonzalez@example.com,TAX-783814,9696 Oak Ave,,81349,0000-00-00
1085,Elizabeth Gonzalez,,N/A,9696 Oak Ave,AU,81349,13/45/2026
1085,Elizabeth Gonzalez,@example.com,TAX-783814,9696 Oak Ave,AU,81349,2026
1085,Elizabeth Gonzalez,elizabeth.gonzalez@example.com,TAX-783814,9696 Oak Ave, CA,81349,01/01/2026
1085,Elizabeth-Gonzalez,,TAX-783814,9696 Oak Ave,AU,81349,2026-07-07
1085,Elizabeth Gonzalez,elizabeth.gonzalez@example.com,TAX-783814,9696 Oak Ave,AU,81349,02/26/2026
874,Michael Gonzalez,michael.gonzalez@@example.com,TAX-695776,2674 Main St,au,67534,06/07/2026
543,Müller Miller,not-an-email,TAX-647734,4643 Oak Ave,IN,54359,
543,Müller Miller,müller.miller@mail.com,TAX-647734,4643 Oak Ave,IN,54359,2026-02-13
315,John Jackson,john.jackson @example.com,,7421 Main St,BR,62166,20260521
559,Elizabeth O'Brien,elizabeth.obrien@mail.com,TAX-96607,551 Oak Ave,CA,85539,13/45/2026
559,Elizabeth O'Brien,elizabeth.obrien@mail.com,0000000000,551 Oak Ave,CA,85539,not-a-date
559,Elizabeth O'Brien,elizabeth.obrien@mail.com,TAX-96607,551 Oak Ave,CA,85539,07/27/2026
559,Elizabeth O'Brien,elizabeth.obrien@mail.com,TAX-96607,551 Oak Ave,,85539,2026-02-15
559,Elizabeth O'Brien,elizabeth.obrien@mail.com,TAX-96607,551 Oak Ave,CA,85539,0000-00-00
559,Elizabeth O'Brien,elizabeth.obrien@mail.com,0000000000,551 Oak Ave,CA,85539,02/13/2026
559,ELIZABETH O'BRIEN,elizabeth.obrien@mail.com,,551 Oak Ave,CA,85539,2026-06-10
559,Elizabeth	O'Brien,elizabeth.obrien@mail.com,0000000000,551 Oak Ave,CA,85539,01/12/2026
769,Joseph Martinez,joseph.martinez@globex.co,,6607 Main St,IN,88829,2026-06-05
769,Joseph Martinez,joseph.martinez@globex.co,TAX-443124,6607 Main St,IN,88829,not-a-date
769,Joseph Martinez,joseph.martinez@globex.co,TAX-443124,6607 Main St,,88829,20260612
150,michael van der berg,,TAX-944309,905 Oak Ave,UK,48535,0000-00-00
1214,Nguyễn Müller,not-an-email,TAX-233258,679 Main St, AU,97460,2026-07-12
1190,Thomas Brown,thomas.brown@globex.co,TAX-361689,6264 Oak Ave,UK,87288,2026-06-08
1190,thomas brown,@example.com,TAX-361689,6264 Oak Ave,UK,87288,02/27/2026
1190,Thomas Brown,,TAX-361689,6264 Oak Ave,UK,87288,0000-00-00
1190,Thomas Brown,thomas.brown@globex.co,TAX-361689,6264 Oak Ave,UK,87288,2026-01-11
1190,Thomas Brown,thomas.brown@globex.co,,6264 Oak Ave,,87288,2026-06-05
1142,C. Hernandez,charles.hernandez@example.com,0000000000,6008 Main St,UK,78112,2026-06-09
999,Nguyễn Brown,nguyễn.brown @example.com,N/A,2572 Main St,XX,16036,2026-07-23
607,Jennifer Williams,jennifer.williams@example.com,TAX-877746,6117 Main St,AU,33963,2026-06-25
1036,Linda O'Brien,linda.obrien@mail.com,TAX-843722,3411 Main St,DE,16312,06/19/2026
1318,Richard Wilson,richard.wilson@acme.com,TAX-972036,1636 Oak Ave,UK,53950,20260107
1318,  Richard Wilson  ,richard.wilson@acme.com,TAX-972036,1636 Oak Ave,UK,53950,20260608
1318,,richard.wilson@acme.com,TAX-972036,1636 Oak Ave,UK,53950,20260624
1352,David Fürst,david.fürst@acme.com,N/A,143 Main St,,10039,not-a-date
286,John-Anderson,,TAX-120888,2275 Main St,CA,21259,0000-00-00
1073,Joseph Wilson,joseph.wilson@acme.com,TAX-926053,2212 Main St,,47502,2026-02-25
1073,Joseph Wilson,not-an-email,,2212 Main St,UK,47502,2026-04-05
1073,Joseph-Wilson,joseph.wilson @example.com,TAX-926053,2212 Main St,UK,47502,20260306
1073,Joseph Wilson,joseph.wilson@acme.com,TAX-926053,2212 Main St,UK,47502,20260303
1073,joseph wilson,joseph.wilson@acme.com,TAX-,2212 Main St,UK,47502,
1154,José Brown,josé.brown@globex.co,TAX-285590,6772 Oak Ave,FR,40660,2026-07-12
1154,J. Brown,,TAX-285590,6772 Oak Ave,,40660,20260416
1154,José Brown,josé.brown@globex.co,TAX-285590,6772 Oak Ave,FR,40660,13/45/2026
1154,,not-an-email,TAX-285590,6772 Oak Ave,FR,40660,13/45/2026
1154,José	Brown,josé.brown@globex.co,TAX-285590,6772 Oak Ave,,40660,06/09/2026
1493,  David Anderson  ,david.anderson@acme.com,TAX-,2348 Main St,CA,54024,20260724
1493,David A.,david.anderson@acme.com,,2348 Main St,CA,54024,2026
1493,David Anderson,david.anderson@acme.com,???,2348 Main St,CA,54024,05/26/2026
1493,D. Anderson,david.anderson@acme.com,,2348 Main St,XX,54024,13/45/2026
1493,David	Anderson,,TAX-415837,2348 Main St,CA,54024,03/24/2026
1493,D. Anderson,david.anderson@@example.com,TAX-415837,2348 Main St,,54024,
1493,David-Anderson,david.anderson@acme.com,TAX-415837,2348 Main St,CA,54024,2026-06-01
1493,,,TAX-415837,2348 Main St,ca,54024,2026-03-12
614,J. Gonzalez,jessica.gonzalez@example.com,TAX-692881,8009 Main St,FR,23099,20260707
1191,Elizabeth García,@example.com,0000000000,257 Oak Ave,UK,51521,07/12/2026
152,Karen-Lopez,karen.lopez@,TAX-186936,4909 Oak Ave,fr,45521,
152,Karen	Lopez,karen.lopez@example.com,TAX-186936,4909 Oak Ave,DE,45521,07/20/2026
152,Karen Lopez,karen.lopez@example.com,TAX-186936,4909 Oak Ave,DE,45521,2026
152,K. Lopez,karen.lopez@example.com,TAX-186936,4909 Oak Ave,DE,45521,20260613
152,Karen Lopez,karen.lopez@example.com,TAX-186936,4909 Oak Ave,DE,45521,13/45/2026
644,H. Martinez,,TAX-881543,4623 Oak Ave,US,81699,13/45/2026
644,Håkon	Martinez,håkon.martinez@acme.com,TAX-881543,4623 Oak Ave,,81699,2026-06-25
688,John Van Der Berg,john.van.der.berg@mail.com,N/A,594 Main St, FR,80377,06/05/2026
132,sarah garcia,sarah.garcia@globex.co,TAX-477878,7121 Main St,IN,66902,0000-00-00
132,Sarah G.,sarah.garcia@@example.com,TAX-477878,7121 Main St,IN,66902,01/02/2026
132,Sarah Garcia,sarah.garcia@globex.co,TAX-477878,7121 Main St,IN,66902,20260426
1215,Joseph Hernandez,joseph.hernandez@example.com,TAX-471288,9680 Oak Ave,DE,42961,20260212
1215,Joseph Hernandez,joseph.hernandez @example.com,TAX-471288,9680 Oak Ave,,42961,
1492,Thomas Łukasz,thomas.łukasz@acme.com,TAX-453745,751 Main St,FR,26024,2026-02-16
1492,Thomas Łukasz,thomas.łukasz@acme.com,TAX-453745,751 Main St,,26024,
1492,Thomas Łukasz,thomas.łukasz@acme.com,TAX-453745,751 Main St,FR,26024,2026-01-19
728,Zoë García,zoë.garcía@example.com,TAX-825779,8270 Main St,AU,54468,20260602
728,Zoë García,zoë.garcía@example.com,0000000000,8270 Main St,,54468,
728,Zoë García,zoë.garcía@example.com,TAX-,8270 Main St,AU,54468,2026-04-21
689,,karen.garcía@,TAX-258701,7115 Oak Ave,XX,39404,
370,Susan Nguyễn,susan.nguyễn@mail.com,TAX-,7893 Oak Ave,XX,23595,not-a-date
534,James Fürst,james.fürst@example.com,TAX-540805,5749 Oak Ave,,85363,2026-05-25
534,  James Fürst  ,james.fürst@example.com,???,5749 Oak Ave,,85363,20260727
534,James Fürst,,0000000000,5749 Oak Ave,,85363,20260216
1273,Michael O'Brien,michael.obrien@example.com,TAX-213127,9160 Oak Ave,CA,99349,02/25/2026
1273,Michael O.,michael.obrien@example.com,TAX-213127,9160 Oak Ave,au,99349,2026-02-05
1273,Michael O'Brien,michael.obrien@@example.com,TAX-213127,9160 Oak Ave,CA,99349,2026-06-08
1273,MICHAEL O'BRIEN,michael.obrien@example.com,0000000000,9160 Oak Ave,CA,99349,2026-02-20
1273,Michael O'Brien,not-an-email,TAX-213127,9160 Oak Ave,CA,99349,2026-07-11
1273,Michael-O'Brien,michael.obrien@example.com,TAX-213127,9160 Oak Ave,CA,99349,20260425
1273,Michael O'Brien,michael.obrien@example.com,TAX-,9160 Oak Ave,,99349,02/03/2026
1273,Michael O.,michael.obrien@@example.com,TAX-213127,9160 Oak Ave,,99349,not-a-date
216,Patricia Lopez,patricia.lopez@@example.com,,1505 Oak Ave,FR,33207,2026-04-21
216,  Patricia Lopez  ,patricia.lopez@acme.com,???,1505 Oak Ave,FR,33207,13/45/2026
216,Patricia Lopez,patricia.lopez@acme.com,TAX-80400,1505 Oak Ave, US,33207,2026-07-25
216,Patricia Lopez,,TAX-80400,1505 Oak Ave,FR,33207,02/07/2026
216,Patricia Lopez,patricia.lopez@acme.com,TAX-80400,1505 Oak Ave,,33207,20260428
837,Patricia O'Brien,@example.com,TAX-501794,4527 Oak Ave,UK,32038,0000-00-00
928,James Smith,james.smith@globex.co,,874 Oak Ave,,21989,
292,Søren Jackson,søren.jackson@example.com,N/A,9330 Oak Ave,XX,53840,2026-05-10
573,Joseph Łukasz,joseph.łukasz@example.com,TAX-497762,1068 Oak Ave,DE,12218,not-a-date
573,JOSEPH ŁUKASZ,@example.com,TAX-497762,1068 Oak Ave,DE,12218,2026-03-14
573,Joseph Łukasz,joseph.łukasz@example.com,TAX-497762,1068 Oak Ave,DE,12218,
591,Jessica Thomas,,TAX-569183,2438 Main St, CA,63165,2026-01-28
185,Joseph Müller,joseph.müller@mail.com,TAX-766172,1628 Oak Ave,XX,94600,2026-05-17
416,Björn O'Brien,björn.obrien@@example.com,TAX-717561,2107 Oak Ave, AU,86967,04/17/2026
862,Håkon-Berg,håkon.van.der.berg@globex.co,,8865 Main St,IN,99527,20260227
647,Thomas Hernandez,thomas.hernandez@mail.com,0000000000,2186 Oak Ave,FR,59915,2026-07-20
23,Sarah Jones,sarah.jones@acme.com,TAX-578178,5947 Main St,XX,78636,2026-04-01
1123,Richard Thomas,richard.thomas@globex.co,N/A,6991 Main St,FR,59959,06/09/2026
405,Susan Moore,susan.moore@globex.co,0000000000,4772 Oak Ave,UK,69649,20260424
1240,Nguyễn Thomas,nguyễn.thomas@,TAX-265815,7056 Main St,IN,20711,2026-06-10
1039,,charles.taylor@mail.com,???,6930 Oak Ave, US,95194,13/45/2026
761,P. Müller,,TAX-442960,9992 Main St,XX,61357,07/24/2026
761,Patricia Müller,patricia.müller@example.com,TAX-442960,9992 Main St,AU,61357,05/20/2026
761,  Patricia Müller  ,patricia.müller@example.com,TAX-442960,9992 Main St,XX,61357,04/10/2026
761,Patricia Müller,patricia.müller@example.com,TAX-442960,9992 Main St,AU,61357,20260405
761,Patricia Müller,patricia.müller@example.com,,9992 Main St,AU,61357,2026-04-22
811,Susan Van Der Berg,susan.van.der.berg@acme.com,TAX-782463,4278 Main St,ca,43812,20260714
1453,Karen Łukasz,karen.łukasz@mail.com,TAX-460161,498 Oak Ave,DE,38842,2026-07-07
574,Jessica Garcia,jessica.garcia@mail.com,TAX-673732,6145 Main St,FR,48750,13/45/2026
570,,william.müller@example.com,TAX-38036,9794 Oak Ave,US,59038,01/07/2026
207,Linda Martin,linda.martin@example.com,TAX-853866,3109 Main St,CA,84834,not-a-date
207,Linda Martin,linda.martin@example.com,TAX-,3109 Main St,CA,84834,
207,Linda-Martin,linda.martin@example.com,N/A,3109 Main St,,84834,
207,Linda Martin,linda.martin@example.com,TAX-853866,3109 Main St, CA,84834,20260418
207,Linda Martin,linda.martin@example.com,TAX-853866,3109 Main St,,84834,2026-05-01
207,Linda Martin,linda.martin @example.com,TAX-853866,3109 Main St,CA,84834,13/45/2026
207,Linda Martin,linda.martin@example.com,???,3109 Main St,,84834,04/04/2026
207,Linda Martin,linda.martin@example.com,???,3109 Main St, UK,84834,2026-01-21
1498,Michael Wilson,michael.wilson@@example.com,TAX-399063,4314 Main St,FR,36352,07/22/2026
1452,Müller Martin,@example.com,TAX-50458,948 Main St,FR,88133,2026
960,John Thomas,,TAX-,5794 Main St,br,97885,20260605
613,Linda Jones,linda.jones@mail.com,TAX-440328,5489 Main St,AU,70485,
1345,Patricia Davis,patricia.davis@@example.com,TAX-742607,6357 Oak Ave,,67258,20260510
236,håkon davis,håkon.davis@acme.com,TAX-432579,4490 Oak Ave,DE,80932,not-a-date
677,Jennifer Van Der Berg,jennifer.van.der.berg@example.com,TAX-,3101 Main St,,29720,2026-02-11
1167,Karen Davis,not-an-email,0000000000,6801 Oak Ave,FR,50583,13/45/2026
385,Nguyễn Nguyễn,@example.com,TAX-,1117 Main St,IN,81489,2026-07-24
1335,Björn Wilson,björn.wilson@globex.co,N/A,2335 Oak Ave,US,64570,not-a-date
506,Barbara Gonzalez,barbara.gonzalez@globex.co,TAX-131645,2290 Oak Ave,AU,34390,01/27/2026
506,Barbara Gonzalez,,N/A,2290 Oak Ave,AU,34390,
506,BARBARA GONZALEZ,not-an-email,TAX-131645,2290 Oak Ave,AU,34390,2026-07-15
506,Barbara Gonzalez,barbara.gonzalez@globex.co,N/A,2290 Oak Ave,AU,34390,2026
506,Barbara Gonzalez,barbara.gonzalez @example.com,???,2290 Oak Ave,,34390,
506,Barbara Gonzalez,@example.com,TAX-131645,2290 Oak Ave,XX,34390,13/45/2026
506,  Barbara Gonzalez  ,not-an-email,???,2290 Oak Ave,AU,34390,20260706
506,Barbara Gonzalez,barbara.gonzalez@globex.co,TAX-131645,2290 Oak Ave,AU,34390,04/05/2026
216,Sarah Jones,sarah.jones@globex.co,TAX-344974,5643 Main St,AU,17129,0000-00-00
312,André Taylor,andré.taylor@globex.co,TAX-,9834 Oak Ave,,75727,2026-07-23
38,Robert Müller,robert.müller@mail.com,TAX-690675,1420 Main St,XX,69984,2026-01-06
971,David Nguyễn,david.nguyễn@globex.co,TAX-521617,4823 Main St,BR,12343,20260208
971,David Nguyễn,,TAX-,4823 Main St,BR,12343,2026
971,D. Nguyễn,,TAX-521617,4823 Main St,br,12343,03/25/2026
1424,William W.,william.williams @example.com,0000000000,2374 Oak Ave,CA,33679,2026-07-06
193,Susan Johnson,@example.com,0000000000,6807 Oak Ave,IN,63204,
781,renée gonzalez,renée.gonzalez@acme.com,TAX-165609,2740 Oak Ave,,33149,02/24/2026
237,David-Martinez,david.martinez@mail.com,,3163 Oak Ave,FR,50180,0000-00-00
237,David Martinez,david.martinez@mail.com,TAX-764132,3163 Oak Ave,FR,50180,06/24/2026
237,David Martinez,david.martinez@mail.com,N/A,3163 Oak Ave,FR,50180,13/45/2026
237,David	Martinez,david.martinez@mail.com,N/A,3163 Oak Ave,us,50180,20260305
237,David Martinez,david.martinez@mail.com,,3163 Oak Ave,FR,50180,20260624
237,David Martinez,david.martinez@mail.com,TAX-764132,3163 Oak Ave,FR,50180,2026-01-12
237,D. Martinez,david.martinez@mail.com,,3163 Oak Ave,FR,50180,20260614
237,David M.,david.martinez@,N/A,3163 Oak Ave,FR,50180,13/45/2026
469,Renée	Hernandez,renée.hernandez@acme.com,TAX-,4785 Oak Ave,BR,79656,20260509
246,Barbara Smith,not-an-email,TAX-663082,4743 Main St,IN,90182,20260607
246,Barbara Smith,,???,4743 Main St,,90182,05/17/2026
246,Barbara Smith,,TAX-663082,4743 Main St, US,90182,05/23/2026
246,,barbara.smith@example.com,0000000000,4743 Main St,IN,90182,not-a-date
246,BARBARA SMITH,,???,4743 Main St, BR,90182,2026-06-08
246,Barbara Smith,barbara.smith@example.com,???,4743 Main St,IN,90182,2026-05-07
246,Barbara Smith,barbara.smith@example.com,TAX-663082,4743 Main St,IN,90182,20260614
246,Barbara Smith,barbara.smith@example.com,TAX-663082,4743 Main St,IN,90182,02/25/2026
904,Patricia Łukasz,patricia.łukasz@mail.com,0000000000,1544 Oak Ave,IN,34361,2026-02-12
1299,Michael García,michael.garcía@mail.com,???,5178 Oak Ave, DE,16467,04/09/2026
659,Karen Davis,karen.davis@mail.com,TAX-945159,7962 Oak Ave,US,23227,20260417
659,Karen Davis,not-an-email,TAX-945159,7962 Oak Ave,US,23227,20260222
659,Karen Davis,karen.davis@mail.com,TAX-945159,7962 Oak Ave,US,23227,20260116
659,  Karen Davis  ,,,7962 Oak Ave,US,23227,07/06/2026
659,  Karen Davis  ,karen.davis@mail.com,TAX-945159,7962 Oak Ave,US,23227,2026-01-18
659,karen davis,,???,7962 Oak Ave,XX,23227,20260509
659,Karen Davis,karen.davis@mail.com,TAX-945159,7962 Oak Ave,US,23227,2026
659,Karen	Davis,karen.davis@mail.com,TAX-945159,7962 Oak Ave,US,23227,2026-04-23
1177,Håkon N.,,TAX-,1801 Oak Ave,UK,60113,2026-04-02
315,Jennifer Van Der Berg,jennifer.van.der.berg@globex.co,TAX-586633,620 Main St,UK,96379,2026-04-13
274,Nguyễn Anderson,nguyễn.anderson@,TAX-526255,6791 Oak Ave,XX,62662,2026-02-24
403,S. Anderson,susan.anderson@mail.com,TAX-598913,7566 Main St,XX,71015,01/20/2026
403,,@example.com,TAX-598913,7566 Main St,AU,71015,2026-05-21
403,Susan-Anderson,susan.anderson@,TAX-,7566 Main St,AU,71015,2026
403,,susan.anderson@mail.com,TAX-598913,7566 Main St,AU,71015,2026-02-18
403,Susan Anderson,susan.anderson@mail.com,0000000000,7566 Main St,XX,71015,2026-02-18
403,Susan Anderson,susan.anderson@,TAX-598913,7566 Main St,AU,71015,
403,Susan Anderson,susan.anderson@mail.com,TAX-598913,7566 Main St,,71015,20260714
403,  Susan Anderson  ,susan.anderson@mail.com,TAX-598913,7566 Main St,AU,71015,2026-06-18
472,Jessica Anderson,jessica.anderson@example.com,TAX-750725,2795 Oak Ave,ca,31261,2026-01-26
419,håkon davis,håkon.davis@acme.com,TAX-367090,3219 Main St,FR,39321,2026-03-11
419,HÅKON DAVIS,,TAX-367090,3219 Main St,FR,39321,13/45/2026
419,Håkon Davis,@example.com,TAX-367090,3219 Main St,FR,39321,2026-05-10
307,T. Berg,not-an-email,TAX-24172,6826 Main St,XX,57393,02/11/2026
476,Thomas Rodriguez,thomas.rodriguez@mail.com,,523 Main St,DE,23676,
1325,Håkon O'Brien,håkon.obrien@mail.com,TAX-333635,6131 Oak Ave,UK,88280,13/45/2026
1322,François Øst,françois.øst@mail.com,TAX-401258,5648 Oak Ave,,66096,20260416
931,Elizabeth García,,,5156 Oak Ave,US,34815,2026-04-09
1246,Zoë Miller,zoë.miller@mail.com,TAX-900245,566 Main St,CA,76591,04/10/2026
1017,Richard Williams,not-an-email,TAX-838948,5865 Main St,,53634,not-a-date
800,Robert Gonzalez,robert.gonzalez@example.com,TAX-225179,3100 Oak Ave,,80064,20260122
242,William Gonzalez,william.gonzalez @example.com,TAX-954435,5293 Oak Ave,DE,60105,2026-07-28
1222,Susan Wilson,susan.wilson@globex.co,N/A,1512 Oak Ave, UK,92812,2026-06-14
1222,Susan Wilson,susan.wilson @example.com,0000000000,1512 Oak Ave,,92812,05/06/2026
886,,michael.nguyễn@example.com,N/A,1658 Main St,CA,65788,not-a-date
886,M. Nguyễn,michael.nguyễn@example.com,0000000000,1658 Main St,CA,65788,2026-05-20
886,michael nguyễn,michael.nguyễn @example.com,TAX-,1658 Main St,CA,65788,not-a-date
1179,Charles Martin,charles.martin@globex.co,TAX-731119,5571 Main St,BR,99707,2026-04-22
1179,Charles Martin,charles.martin@globex.co,TAX-731119,5571 Main St,BR,99707,05/06/2026
1179,  Charles Martin  ,charles.martin@globex.co,TAX-731119,5571 Main St,BR,99707,
1179,Charles Martin,charles.martin@,,5571 Main St,BR,99707,not-a-date
1179,Charles Martin,charles.martin@globex.co,???,5571 Main St,BR,99707,
1439,Søren Thomas,søren.thomas@example.com,TAX-76359,233 Oak Ave,DE,35780,2026
380,Zoë Williams,zoë.williams@acme.com,TAX-864497,3879 Oak Ave,XX,69418,05/11/2026
380,Zoë	Williams,not-an-email,TAX-864497,3879 Oak Ave,CA,69418,20260303
380,Z. Williams,zoë.williams@,TAX-864497,3879 Oak Ave,CA,69418,not-a-date
380,Zoë Williams,zoë.williams@acme.com,TAX-864497,3879 Oak Ave, AU,69418,20260114
380,Zoë Williams,zoë.williams @example.com,TAX-864497,3879 Oak Ave,CA,69418,20260422
380,Zoë Williams,zoë.williams@acme.com,TAX-864497,3879 Oak Ave,CA,69418,2026-04-17
380,Zoë Williams,zoë.williams@acme.com,TAX-864497,3879 Oak Ave,CA,69418,03/26/2026
380,Z. Williams,zoë.williams@acme.com,TAX-864497,3879 Oak Ave,,69418,0000-00-00
630,Zoë M.,not-an-email,TAX-330819,5000 Oak Ave,US,17070,
1031,Michael-O'Brien,michael.obrien@,TAX-46200,9439 Main St,AU,43854,13/45/2026
1312,Søren García,søren.garcía@acme.com,TAX-908352,7752 Oak Ave,US,66368,01/13/2026
164,Robert Rodriguez,robert.rodriguez@example.com,TAX-73808,8275 Oak Ave,IN,17197,2026-07-07
164,Robert Rodriguez,robert.rodriguez@example.com,TAX-73808,8275 Oak Ave,IN,17197,0000-00-00
164,Robert-Rodriguez,,TAX-73808,8275 Oak Ave,IN,17197,
164,Robert Rodriguez,robert.rodriguez@example.com,TAX-,8275 Oak Ave,fr,17197,03/14/2026
164,Robert R.,,TAX-73808,8275 Oak Ave,XX,17197,07/06/2026
164,Robert-Rodriguez,robert.rodriguez@example.com,,8275 Oak Ave,IN,17197,20260605
164,,robert.rodriguez@example.com,,8275 Oak Ave,IN,17197,2026-03-20
164,R. Rodriguez,,,8275 Oak Ave,IN,17197,02/24/2026
766,David Williams,david.williams@example.com,0000000000,2465 Main St,BR,58492,05/20/2026
1432,José Williams,josé.williams@mail.com,TAX-528803,7679 Oak Ave, FR,69752,
987,Jessica Łukasz,,TAX-302123,1903 Oak Ave,US,12094,07/10/2026
987,Jessica-Łukasz,jessica.łukasz@example.com,TAX-302123,1903 Oak Ave,US,12094,not-a-date
766,Patricia Taylor,patricia.taylor@example.com,TAX-80681,8256 Oak Ave,US,70302,2026-04-07
766,Patricia Taylor,,0000000000,8256 Oak Ave, IN,70302,2026-02-27
766,Patricia Taylor,not-an-email,TAX-,8256 Oak Ave,,70302,not-a-date
766,PATRICIA TAYLOR,patricia.taylor@,,8256 Oak Ave,US,70302,20260401
766,Patricia-Taylor,patricia.taylor@,TAX-80681,8256 Oak Ave,US,70302,02/27/2026
753,André Johnson,andré.johnson@globex.co,???,755 Main St,BR,50243,0000-00-00
753,André Johnson,andré.johnson@globex.co,TAX-446225,755 Main St,BR,50243,20260325
753,André Johnson,,TAX-446225,755 Main St,BR,50243,06/13/2026
436,Mary Jackson,mary.jackson@acme.com,???,9234 Main St,BR,99433,2026
436,MARY JACKSON,mary.jackson@acme.com,???,9234 Main St,BR,99433,2026-01-22
436,Mary Jackson,mary.jackson@@example.com,TAX-733303,9234 Main St,BR,99433,05/15/2026
436,Mary Jackson,mary.jackson@,TAX-733303,9234 Main St,BR,99433,13/45/2026
436,Mary J.,mary.jackson@acme.com,TAX-733303,9234 Main St, DE,99433,2026-04-06
436,Mary Jackson,mary.jackson@acme.com,TAX-733303,9234 Main St,BR,99433,not-a-date
436,Mary Jackson,mary.jackson@acme.com,TAX-,9234 Main St,BR,99433,2026-01-10
436,Mary Jackson,,TAX-733303,9234 Main St,,99433,not-a-date
1363,Patricia Anderson,,N/A,8146 Oak Ave,,81573,20260722
789,Patricia Hernandez,patricia.hernandez@globex.co,TAX-94927,5480 Oak Ave,BR,87962,02/21/2026
1362,André-Fürst,,TAX-428631,374 Oak Ave,DE,73514,2026-07-04
826,Jessica G.,jessica.garcía@example.com,TAX-583103,2571 Main St,CA,64052,2026-04-08
670,Linda M.,,TAX-672209,8872 Oak Ave,XX,32412,03/25/2026
566,Karen Øst,not-an-email,TAX-537060,3449 Main St,XX,11669,2026-07-26
36,Sarah J.,sarah.johnson@mail.com,TAX-238503,216 Oak Ave,DE,22149,0000-00-00
36,  Sarah Johnson  ,sarah.johnson@mail.com,TAX-238503,216 Oak Ave,DE,22149,13/45/2026
36,Sarah Johnson,sarah.johnson @example.com,,216 Oak Ave,DE,22149,01/21/2026
300,Jennifer Gonzalez,,TAX-439343,417 Oak Ave,BR,13852,
986,José D.,josé.davis@acme.com,???,5001 Oak Ave,US,16328,02/04/2026
1117,Zoë García,zoë.garcía@mail.com,TAX-923330,5846 Oak Ave,FR,84906,02/19/2026
36,WILLIAM TAYLOR,william.taylor@mail.com,N/A,8134 Oak Ave,DE,17210,2026-04-19
1339,,,TAX-239912,1277 Oak Ave,fr,18730,20260507
401,  Barbara Øst  ,barbara.øst@acme.com,TAX-256657,1421 Main St,,56600,03/22/2026
1496,David Lopez,david.lopez @example.com,TAX-,7694 Oak Ave,,15453,2026-05-11
10,Joseph Williams,joseph.williams@acme.com,,2312 Main St,uk,75720,20260228
10,Joseph Williams,joseph.williams@,TAX-,2312 Main St,BR,75720,
10,Joseph Williams,joseph.williams@acme.com,TAX-697304,2312 Main St,BR,75720,13/45/2026
10,Joseph Williams,not-an-email,TAX-697304,2312 Main St,,75720,2026
10,  Joseph Williams  ,joseph.williams@acme.com,,2312 Main St, BR,75720,20260220
10,Joseph	Williams,joseph.williams@acme.com,,2312 Main St,BR,75720,2026
10,Joseph Williams,,TAX-697304,2312 Main St, FR,75720,07/10/2026
10,Joseph Williams,joseph.williams @example.com,TAX-697304,2312 Main St,,75720,0000-00-00
84,PATRICIA LOPEZ,patricia.lopez@acme.com,,1447 Main St,AU,60998,not-a-date
740,Susan O'Brien,@example.com,,8182 Main St,DE,60139,20260701
843,CHARLES MARTINEZ,charles.martinez@mail.com,TAX-828899,3672 Oak Ave,US,45760,not-a-date
1066,thomas johnson,thomas.johnson@@example.com,N/A,3604 Main St,,28105,
1066,Thomas Johnson,thomas.johnson@,TAX-482982,3604 Main St,UK,28105,20260513
1066,Thomas Johnson,thomas.johnson@globex.co,TAX-482982,3604 Main St,UK,28105,2026-07-26
1066,Thomas J.,thomas.johnson@globex.co,TAX-,3604 Main St,au,28105,0000-00-00
1066,Thomas Johnson,thomas.johnson@@example.com,TAX-482982,3604 Main St,UK,28105,2026
929,Charles García,,TAX-340114,6393 Oak Ave,,49179,20260727
1050,Jennifer Øst,not-an-email,TAX-632549,5689 Oak Ave,ca,25552,not-a-date
584,N. García,nguyễn.garcía@acme.com,TAX-811994,3364 Oak Ave,,62127,20260506
1057,THOMAS SMITH,,,5777 Oak Ave,UK,33458,not-a-date
717,Joseph Nguyễn,joseph.nguyễn@example.com,TAX-541043,3283 Main St,DE,71168,01/23/2026
189,Thomas Williams,thomas.williams@,TAX-,5315 Main St,,94152,
565,Richard García,richard.garcía@@example.com,TAX-617074,12 Oak Ave,XX,97108,20260528
565,Richard	García,richard.garcía@globex.co,,12 Oak Ave,XX,97108,2026-01-20
565,Richard García,richard.garcía@globex.co,TAX-617074,12 Oak Ave,,97108,20260101
263,William Smith,william.smith@@example.com,TAX-363468,8275 Main St,,41944,2026
636,Zoë J.,zoë.jones@@example.com,TAX-919768,421 Main St,US,82575,20260226
636,Zoë Jones,zoë.jones@globex.co,TAX-919768,421 Main St,US,82575,05/07/2026
636,Zoë Jones,zoë.jones@globex.co,TAX-919768,421 Main St,US,82575,not-a-date
251,Søren G.,søren.gonzalez @example.com,TAX-214827,5201 Main St,BR,38828,not-a-date
1188,Nguyễn-Jones,nguyễn.jones@,TAX-588646,6551 Oak Ave,UK,85761,
348,Karen Øst,@example.com,TAX-583223,8810 Main St,,48294,20260202
586,Müller Brown,müller.brown@mail.com,N/A,9737 Main St,DE,35970,
586,  Müller Brown  ,müller.brown@mail.com,TAX-197828,9737 Main St,DE,35970,2026-05-12
195,,michael.müller@example.com,TAX-311986,424 Main St,FR,44427,04/13/2026
195,M. Müller,michael.müller@example.com,TAX-311986,424 Main St,FR,44427,20260317
195,Michael Müller,michael.müller@example.com,TAX-311986,424 Main St,,44427,2026-04-05
195,Michael Müller,michael.müller@example.com,TAX-,424 Main St, DE,44427,13/45/2026
195,Michael Müller,michael.müller @example.com,TAX-311986,424 Main St,FR,44427,20260307
772,Patricia Smith,patricia.smith@acme.com,TAX-736496,8978 Oak Ave,IN,65081,
1008,Zoë-Müller,zoë.müller@example.com,TAX-537013,3639 Oak Ave,XX,71520,20260324
1008,zoë müller,@example.com,???,3639 Oak Ave,US,71520,not-a-date
573,  Patricia Fürst  ,patricia.fürst @example.com,TAX-503674,4952 Main St,IN,49890,
573,Patricia	Fürst,patricia.fürst@acme.com,???,4952 Main St,XX,49890,2026
573,,patricia.fürst@acme.com,TAX-503674,4952 Main St,IN,49890,20260206
573,patricia fürst,patricia.fürst@acme.com,TAX-503674,4952 Main St,IN,49890,2026-01-15
573,Patricia Fürst,patricia.fürst@acme.com,TAX-503674,4952 Main St,br,49890,0000-00-00
1343,Elizabeth Garcia,,0000000000,5628 Main St,us,83722,20260415
1343,Elizabeth Garcia,not-an-email,0000000000,5628 Main St,,83722,
1343,,elizabeth.garcia@,???,5628 Main St,UK,83722,20260604
938,J. Gonzalez,jennifer.gonzalez@acme.com,TAX-828064,7515 Oak Ave,IN,92770,not-a-date
345,Charles Jackson,charles.jackson@example.com,TAX-585338,9730 Main St,IN,55877,07/19/2026
1266,Robert Williams,robert.williams@example.com,,5242 Main St,DE,50825,20260521
547,Linda Martinez,linda.martinez@acme.com,N/A,4744 Main St,,33584,06/18/2026
547,  Linda Martinez  ,linda.martinez@acme.com,TAX-723634,4744 Main St,uk,33584,05/18/2026
547,L. Martinez,linda.martinez@acme.com,TAX-723634,4744 Main St,CA,33584,2026-07-28
547,Linda Martinez,linda.martinez@acme.com,TAX-723634,4744 Main St,CA,33584,2026-04-12
547,  Linda Martinez  ,linda.martinez@acme.com,TAX-723634,4744 Main St,CA,33584,20260223
1212,,barbara.jones@mail.com,TAX-99977,9193 Oak Ave,CA,71579,
1094,,björn.thomas@globex.co,N/A,4081 Main St,DE,47584,07/14/2026
1094,Björn Thomas,björn.thomas@globex.co,TAX-239967,4081 Main St,de,47584,20260103
1094,Björn Thomas,björn.thomas@globex.co,N/A,4081 Main St,DE,47584,06/04/2026
1094,  Björn Thomas  ,björn.thomas@,TAX-239967,4081 Main St,DE,47584,
1094,Björn-Thomas,björn.thomas@globex.co,???,4081 Main St,DE,47584,20260112
1094,,björn.thomas@globex.co,TAX-239967,4081 Main St,DE,47584,
1094,björn thomas,björn.thomas@@example.com,???,4081 Main St,,47584,06/27/2026
1094,  Björn Thomas  ,björn.thomas@globex.co,TAX-239967,4081 Main St,br,47584,0000-00-00
40,Mary Van Der Berg,mary.van.der.berg@example.com,TAX-378925,2562 Oak Ave,UK,44933,2026-03-02
159,Richard Jones,richard.jones @example.com,TAX-988637,4876 Oak Ave,CA,41163,20260214
14,håkon jackson,håkon.jackson@@example.com,TAX-550174,6929 Main St,IN,16588,05/01/2026
181,Håkon Anderson,håkon.anderson@globex.co,0000000000,9594 Oak Ave,BR,57536,0000-00-00
599,william hernandez,william.hernandez@mail.com,,8148 Main St,XX,44727,05/09/2026
328,,søren.miller@,TAX-376647,6130 Main St,IN,28861,2026-07-08
324,Sarah Brown,sarah.brown@acme.com,TAX-47978,203 Main St,CA,98983,2026-03-17
324,Sarah Brown,sarah.brown@@example.com,TAX-47978,203 Main St,CA,98983,2026
324,Sarah Brown,sarah.brown@acme.com,0000000000,203 Main St,CA,98983,0000-00-00
324,sarah brown,sarah.brown@acme.com,TAX-47978,203 Main St,CA,98983,20260327
324,Sarah Brown,sarah.brown@acme.com,TAX-47978,203 Main St,CA,98983,2026-05-19
893,James Martin,james.martin@mail.com,TAX-548525,528 Main St,AU,90598,2026-06-06
1383,M. Thomas,michael.thomas@globex.co,0000000000,491 Oak Ave,BR,29385,20260609
1383,Michael Thomas,michael.thomas@globex.co,TAX-742261,491 Oak Ave,BR,29385,
224,Jessica Anderson,jessica.anderson@globex.co,TAX-860364,8045 Main St,fr,45298,20260227
822,James Øst,james.øst@example.com,TAX-972207,6722 Oak Ave, US,63443,20260124
822,James Øst,james.øst@example.com,0000000000,6722 Oak Ave, UK,63443,03/07/2026
822,James Øst,james.øst@,TAX-972207,6722 Oak Ave,UK,63443,20260219
822,James Øst,james.øst@example.com,0000000000,6722 Oak Ave,XX,63443,
822,JAMES ØST,james.øst@@example.com,TAX-972207,6722 Oak Ave,UK,63443,03/01/2026
822,J. Øst,james.øst@example.com,TAX-972207,6722 Oak Ave,,63443,13/45/2026
822,James Øst,james.øst@,,6722 Oak Ave,UK,63443,2026-03-22
822,James Øst,james.øst@example.com,TAX-972207,6722 Oak Ave,fr,63443,
120,Björn	García,björn.garcía@acme.com,TAX-330656,1288 Main St,,78692,20260713
401,Patricia Müller,patricia.müller@example.com,TAX-667174,4567 Oak Ave,BR,64549,04/07/2026
990,Susan Øst,not-an-email,0000000000,1594 Oak Ave, DE,57350,
274,Zoë Martinez,@example.com,N/A,2398 Oak Ave,IN,31438,0000-00-00
611,Robert G.,robert.gonzalez@globex.co,TAX-695404,9351 Main St,FR,32899,20260118
611,Robert Gonzalez,robert.gonzalez@globex.co,TAX-695404,9351 Main St,FR,32899,not-a-date
611,Robert Gonzalez,robert.gonzalez@globex.co,0000000000,9351 Main St,uk,32899,01/16/2026
611,Robert Gonzalez,robert.gonzalez@globex.co,,9351 Main St,,32899,
611,Robert Gonzalez,robert.gonzalez@@example.com,TAX-695404,9351 Main St,,32899,2026-05-02
791,  Linda Lopez  ,linda.lopez@acme.com,,2368 Oak Ave,BR,15005,02/05/2026
845,Richard Anderson,richard.anderson@acme.com,TAX-531044,9363 Main St,CA,31507,20260515
363,Joseph Łukasz,joseph.łukasz@example.com,TAX-364659,7153 Oak Ave,DE,52904,0000-00-00
626,Thomas Davis,,TAX-16213,7767 Oak Ave,UK,60292,2026-05-28
1118,D. Davis,,TAX-891600,5694 Oak Ave,,58401,2026
1118,D. Davis,,TAX-891600,5694 Oak Ave, AU,58401,01/11/2026
1118,David Davis,not-an-email,TAX-891600,5694 Oak Ave,US,58401,05/11/2026
1118,David Davis,,???,5694 Oak Ave,au,58401,2026-05-08
1118,David Davis,david.davis@acme.com,N/A,5694 Oak Ave,US,58401,0000-00-00
1118,David Davis,david.davis@acme.com,???,5694 Oak Ave,US,58401,2026-05-23
1118,David Davis,david.davis@acme.com,0000000000,5694 Oak Ave,US,58401,04/14/2026
1118,,david.davis@acme.com,TAX-,5694 Oak Ave,US,58401,20260526
38,Søren Moore,søren.moore@mail.com,TAX-921661,3815 Oak Ave,BR,66069,01/20/2026
38,Søren Moore,søren.moore@mail.com,TAX-921661,3815 Oak Ave,XX,66069,07/02/2026
653,Charles	Williams,not-an-email,TAX-702038,7170 Main St,AU,73681,
559,Michael	Moore,michael.moore@acme.com,TAX-,5501 Main St,US,36654,
559,Michael M.,michael.moore@acme.com,TAX-797057,5501 Main St,US,36654,not-a-date
559,,not-an-email,,5501 Main St,US,36654,
559,Michael Moore,michael.moore @example.com,???,5501 Main St,US,36654,
559,MICHAEL MOORE,not-an-email,TAX-797057,5501 Main St,US,36654,20260617
783,Linda Nguyễn,linda.nguyễn@mail.com,TAX-225042,6563 Main St,CA,58909,06/20/2026
814,Zoë Miller,zoë.miller@mail.com,TAX-292981,7747 Oak Ave, IN,83331,0000-00-00
421,JOSEPH JONES,joseph.jones@acme.com,TAX-596645,5039 Main St,IN,34145,01/28/2026
453,André Thomas,andré.thomas@,TAX-249654,3640 Main St,IN,46387,01/14/2026
453,André Thomas,andré.thomas@mail.com,TAX-249654,3640 Main St,IN,46387,2026-07-05
453,andré thomas,andré.thomas@,TAX-249654,3640 Main St,XX,46387,2026-04-03
453,André-Thomas,andré.thomas@mail.com,TAX-249654,3640 Main St,IN,46387,2026-01-13
453,André Thomas,andré.thomas@mail.com,TAX-249654,3640 Main St, IN,46387,20260119
453,,andré.thomas@mail.com,0000000000,3640 Main St,IN,46387,2026-06-03
453,  André Thomas  ,andré.thomas@mail.com,N/A,3640 Main St,IN,46387,20260510
453,André Thomas,,TAX-249654,3640 Main St,de,46387,not-a-date
21,Nguyễn Taylor,nguyễn.taylor @example.com,TAX-240355,4279 Oak Ave,IN,52071,20260509
911,Karen Williams,karen.williams@acme.com,,3803 Oak Ave, AU,66207,20260402
911,Karen Williams,karen.williams@acme.com,,3803 Oak Ave,US,66207,20260528
911,Karen Williams,,TAX-,3803 Oak Ave,US,66207,2026-04-23
911,Karen Williams,karen.williams@acme.com,,3803 Oak Ave,US,66207,2026-02-08
911,Karen Williams,karen.williams@acme.com,N/A,3803 Oak Ave,,66207,not-a-date
1130,Nguyễn Moore,not-an-email,TAX-601827,8553 Oak Ave,US,27799,
1370,Michael	Øst,,,8096 Oak Ave,UK,45751,20260614
1442,Patricia Fürst,not-an-email,,354 Oak Ave,,76175,2026-02-02
1442,Patricia Fürst,patricia.fürst@@example.com,TAX-690646,354 Oak Ave,AU,76175,not-a-date
1442,PATRICIA FÜRST,patricia.fürst@globex.co,TAX-690646,354 Oak Ave,AU,76175,20260318
1442,Patricia Fürst,@example.com,TAX-,354 Oak Ave,AU,76175,2026
1442,patricia fürst,patricia.fürst@globex.co,,354 Oak Ave,fr,76175,05/13/2026
1054,Linda Davis,linda.davis@mail.com,0000000000,2028 Oak Ave,DE,23899,02/03/2026
1054,L. Davis,not-an-email,,2028 Oak Ave,DE,23899,20260319
1054,Linda Davis,linda.davis@mail.com,TAX-344976,2028 Oak Ave,DE,23899,13/45/2026
1037,John Thomas,john.thomas@acme.com,,4618 Main St,AU,80220,07/05/2026
1061,Müller Martinez,müller.martinez@acme.com,TAX-121842,5171 Main St,FR,70758,2026-06-01
495,Thomas Jackson,thomas.jackson@acme.com,TAX-674785,9204 Oak Ave,FR,23038,2026-05-27
683,William Smith,william.smith@globex.co,TAX-,7319 Main St,XX,37662,2026
205,José Jackson,josé.jackson@mail.com,TAX-458129,900 Oak Ave,US,81426,06/07/2026
1026,Müller Rodriguez,müller.rodriguez@acme.com,,3954 Main St,US,28900,2026
1026,Müller Rodriguez,not-an-email,TAX-35514,3954 Main St,US,28900,07/07/2026
1026,Müller Rodriguez,müller.rodriguez@acme.com,TAX-35514,3954 Main St,,28900,01/23/2026
1026,Müller-Rodriguez,müller.rodriguez@acme.com,TAX-35514,3954 Main St,,28900,20260624
1026,Müller Rodriguez,,TAX-35514,3954 Main St,US,28900,06/09/2026
1026,Müller	Rodriguez,müller.rodriguez@acme.com,TAX-35514,3954 Main St,US,28900,06/16/2026
1026,Müller Rodriguez,müller.rodriguez@,TAX-35514,3954 Main St,US,28900,
1026,Müller Rodriguez,müller.rodriguez@acme.com,???,3954 Main St,US,28900,0000-00-00
1403,,barbara.davis@globex.co,N/A,7585 Oak Ave,US,48485,20260207
1446,Müller Moore,@example.com,N/A,4356 Main St,DE,11584,20260201
1074,C. Lopez,charles.lopez@example.com,TAX-826777,3501 Oak Ave,FR,30008,0000-00-00
1315,Müller-O'Brien,müller.obrien@example.com,TAX-408133,4643 Oak Ave,,97872,2026-02-03
1392,Michael Łukasz,michael.łukasz@,TAX-,3631 Main St,,56610,2026-06-23
1392,Michael-Łukasz,michael.łukasz@@example.com,TAX-158939,3631 Main St,US,56610,2026-07-01
1392,Michael Łukasz,michael.łukasz@acme.com,TAX-158939,3631 Main St,,56610,20260419
401,Müller Rodriguez,müller.rodriguez@example.com,TAX-291518,3581 Oak Ave,FR,12431,04/11/2026
1151,David-Łukasz,david.łukasz@acme.com,TAX-982396,6640 Main St,,35879,not-a-date
1081,Renée Lopez,not-an-email,TAX-798984,3200 Main St,DE,98907,02/23/2026
939,Zoë Rodriguez,zoë.rodriguez@globex.co,TAX-736343,921 Oak Ave,FR,62695,not-a-date
1036,Jennifer Lopez,jennifer.lopez@example.com,,2505 Main St,,44823,2026-03-26
1474,Barbara Nguyễn,,TAX-592307,2294 Main St,DE,79005,2026-02-16
352,Linda	Davis,linda.davis@mail.com,TAX-887543,8311 Oak Ave, IN,16791,not-a-date
1193,søren o'brien,søren.obrien@@example.com,TAX-336145,9389 Main St,XX,21849,2026-06-22
1193,Søren O'Brien,@example.com,TAX-,9389 Main St,,21849,2026-06-28
1193,  Søren O'Brien  ,søren.obrien@acme.com,TAX-336145,9389 Main St,FR,21849,04/26/2026
998,Mary Williams,@example.com,TAX-454220,3415 Main St,DE,10073,
177,Linda Garcia,linda.garcia@acme.com,TAX-74351,8313 Main St,CA,86335,20260507
536,James J.,james.johnson@example.com,TAX-61123,5616 Main St, UK,18634,02/01/2026
788,Sarah Nguyễn,@example.com,TAX-793501,3527 Main St,AU,90393,13/45/2026
388,Richard O'Brien,richard.obrien@mail.com,TAX-330200,4220 Main St,XX,67018,20260508
375,Karen Martin,,TAX-374676,2042 Oak Ave, UK,38671,2026-02-06
285,Patricia Davis,patricia.davis@example.com,???,2363 Main St,AU,32964,20260119
491,Patricia Jackson,patricia.jackson@mail.com,TAX-87858,4932 Main St,UK,26444,20260517
491,Patricia Jackson,patricia.jackson@mail.com,TAX-,4932 Main St, IN,26444,01/19/2026
543,josé wilson,,TAX-38891,6943 Oak Ave, DE,13960,20260224
778,Thomas Thomas,,,4907 Main St,,40653,2026-03-09
73,Robert Moore,robert.moore@globex.co,N/A,5430 Oak Ave,IN,88274,2026
1389,John Øst,,TAX-155195,9245 Oak Ave,FR,56000,not-a-date
1431,Charles Anderson,charles.anderson@example.com,TAX-486678,7182 Main St,fr,20678,2026-07-01
424,David Łukasz,,,9722 Main St,CA,48854,not-a-date
1230,Joseph Gonzalez,joseph.gonzalez@example.com,???,3527 Main St,,45394,0000-00-00
170,Nguyễn Van Der Berg,nguyễn.van.der.berg@,TAX-972048,2303 Oak Ave,IN,92947,07/18/2026
1452,JESSICA WILLIAMS,jessica.williams@globex.co,TAX-129410,9253 Main St,IN,65639,07/26/2026
1452,Jessica Williams,jessica.williams @example.com,TAX-,9253 Main St,IN,65639,20260115
1452,  Jessica Williams  ,jessica.williams@globex.co,N/A,9253 Main St,IN,65639,2026
1452,Jessica Williams,jessica.williams@globex.co,,9253 Main St,IN,65639,2026-05-15
1452,Jessica Williams,,TAX-,9253 Main St,XX,65639,0000-00-00
737,Patricia Nguyễn,patricia.nguyễn @example.com,TAX-680733,8735 Oak Ave,DE,21989,0000-00-00
552,François Hernandez,françois.hernandez@globex.co,TAX-813699,1286 Oak Ave,FR,41252,20260717
1092,Joseph Thomas,joseph.thomas @example.com,TAX-857058,2487 Oak Ave,US,42803,2026
957,André-Brown,,TAX-352218,8243 Main St,AU,65688,2026-07-02
957,André Brown,andré.brown@globex.co,TAX-352218,8243 Main St,AU,65688,07/01/2026
957,André Brown,andré.brown@globex.co,TAX-352218,8243 Main St,AU,65688,
957,André	Brown,andré.brown@globex.co,TAX-352218,8243 Main St,AU,65688,07/01/2026
957,André B.,andré.brown @example.com,TAX-352218,8243 Main St,AU,65688,2026-07-05
82,S. Miller,sarah.miller@globex.co,TAX-172963,8396 Oak Ave,UK,70411,20260326
945,Patricia Taylor,patricia.taylor@example.com,,9559 Main St,,64607,20260604
67,Susan Anderson,@example.com,TAX-853699,6732 Main St,ca,35453,2026-07-25
223,Linda Johnson,linda.johnson@acme.com,TAX-952758,8065 Oak Ave,us,18793,
1371,François-Müller,françois.müller@globex.co,0000000000,1017 Oak Ave,BR,43448,0000-00-00
1371,François M.,françois.müller@globex.co,TAX-97271,1017 Oak Ave,XX,43448,20260508
1371,François Müller,françois.müller@globex.co,TAX-97271,1017 Oak Ave,BR,43448,0000-00-00
1371,François Müller,françois.müller@globex.co,,1017 Oak Ave,BR,43448,20260423
1371,François M.,,TAX-97271,1017 Oak Ave,uk,43448,not-a-date
1371,F. Müller,françois.müller@globex.co,TAX-97271,1017 Oak Ave,BR,43448,2026-02-24
1371,François	Müller,françois.müller @example.com,TAX-97271,1017 Oak Ave,br,43448,2026-03-22
1371,François Müller,françois.müller@globex.co,N/A,1017 Oak Ave, BR,43448,20260118
480,Michael Nguyễn,michael.nguyễn@globex.co,TAX-617237,1011 Main St,IN,83754,
972,BJÖRN MOORE,,TAX-863756,9980 Main St,,39999,2026
800,Sarah Garcia,,,5096 Main St,AU,16645,2026-07-25
800,Sarah Garcia,@example.com,TAX-491291,5096 Main St,AU,16645,
571,linda garcia,linda.garcia @example.com,TAX-49161,2174 Main St,FR,30697,20260615
546,Linda Gonzalez,,TAX-386209,8248 Main St,UK,16298,2026-07-14
589,C. Martin,charles.martin@,TAX-220567,9231 Oak Ave,UK,62525,2026
885,  Björn Miller  ,,TAX-499609,8472 Oak Ave,FR,79097,
885,Björn Miller,björn.miller@acme.com,TAX-499609,8472 Oak Ave,ca,79097,20260125
885,björn miller,,TAX-499609,8472 Oak Ave,FR,79097,2026-01-14
885,Björn Miller,björn.miller@acme.com,TAX-,8472 Oak Ave,br,79097,
885,Björn Miller,björn.miller@acme.com,TAX-499609,8472 Oak Ave,,79097,01/28/2026
963,Michael Martinez,,TAX-434627,3162 Oak Ave,,12499,2026-01-22
274,elizabeth o'brien,elizabeth.obrien@example.com,TAX-447933,8981 Oak Ave,AU,37224,03/20/2026
1024,Jessica Hernandez,jessica.hernandez@globex.co,TAX-380685,2410 Oak Ave,,17987,13/45/2026
1024,Jessica Hernandez,jessica.hernandez@globex.co,TAX-380685,2410 Oak Ave,BR,17987,not-a-date
1024,Jessica Hernandez,jessica.hernandez@globex.co,TAX-380685,2410 Oak Ave,BR,17987,2026-05-01
1024,Jessica	Hernandez,jessica.hernandez@globex.co,TAX-380685,2410 Oak Ave,fr,17987,2026-07-25
1024,Jessica Hernandez,jessica.hernandez @example.com,TAX-380685,2410 Oak Ave,BR,17987,20260424
1024,Jessica Hernandez,jessica.hernandez@globex.co,,2410 Oak Ave,BR,17987,20260207
1024,Jessica Hernandez,jessica.hernandez@@example.com,TAX-380685,2410 Oak Ave,,17987,04/23/2026
1024,Jessica Hernandez,jessica.hernandez@globex.co,TAX-380685,2410 Oak Ave,BR,17987,20260625
1376,Richard Gonzalez,richard.gonzalez@mail.com,TAX-793595,5251 Oak Ave,CA,84477,
1135,Jennifer Gonzalez,jennifer.gonzalez@acme.com,TAX-788490,7175 Oak Ave,au,91329,2026-01-28
1387,André-Jackson,andré.jackson@acme.com,N/A,2408 Main St,US,96702,2026-04-06
1387,André Jackson,andré.jackson @example.com,,2408 Main St,US,96702,20260125
391,Jennifer Miller,jennifer.miller@mail.com,,1713 Oak Ave,,85199,03/23/2026
915,  François Müller  ,françois.müller@acme.com,TAX-245314,1210 Oak Ave,FR,71809,03/15/2026
915,François Müller,françois.müller@acme.com,TAX-245314,1210 Oak Ave,FR,71809,20260706
915,François Müller,not-an-email,N/A,1210 Oak Ave,FR,71809,2026-07-12
432,,charles.müller@example.com,,8771 Main St,AU,90071,2026-04-13
1324,  Karen Johnson  ,karen.johnson@acme.com,TAX-594864,5483 Main St,FR,19972,06/27/2026
1124,André Nguyễn,andré.nguyễn@example.com,,5296 Oak Ave,CA,90560,0000-00-00
970,Søren Anderson,søren.anderson@example.com,TAX-894110,4015 Main St,BR,62453,03/27/2026
866,,richard.anderson @example.com,TAX-222037,3201 Oak Ave,IN,26416,01/25/2026
1114,Karen Nguyễn,karen.nguyễn@acme.com,TAX-128831,6768 Oak Ave,UK,35277,
1003,Jessica Martin,jessica.martin@globex.co,TAX-130740,9134 Main St,DE,13571,2026
1003,Jessica Martin,,TAX-130740,9134 Main St,DE,13571,05/04/2026
1003,Jessica Martin,jessica.martin@globex.co,TAX-130740,9134 Main St,DE,13571,2026-06-15
1003,Jessica-Martin,jessica.martin@globex.co,TAX-130740,9134 Main St,,13571,2026-04-20
1003,jessica martin,jessica.martin@globex.co,0000000000,9134 Main St,,13571,20260210
399,David Taylor,david.taylor@acme.com,TAX-158088,2351 Oak Ave,US,94491,2026-07-24
399,David Taylor,david.taylor@acme.com,TAX-158088,2351 Oak Ave,,94491,2026-01-25
963,Michael Müller,michael.müller @example.com,TAX-325349,8967 Oak Ave,,32365,20260314
963,Michael Müller,michael.müller@,TAX-325349,8967 Oak Ave, DE,32365,01/19/2026
963,Michael Müller,@example.com,,8967 Oak Ave,DE,32365,
299,Michael Johnson,michael.johnson@,TAX-331204,604 Main St,US,86854,
57,Michael Fürst,michael.fürst@globex.co,TAX-714966,9219 Main St,FR,52657,0000-00-00
42,Charles Lopez,charles.lopez@mail.com,TAX-866272,8131 Oak Ave,AU,53293,20260501
42,Charles Lopez,charles.lopez@mail.com,TAX-866272,8131 Oak Ave,AU,53293,2026-07-14
42,Charles Lopez,charles.lopez @example.com,0000000000,8131 Oak Ave,AU,53293,03/21/2026
42,Charles Lopez,charles.lopez@mail.com,TAX-866272,8131 Oak Ave,AU,53293,
42,Charles Lopez,charles.lopez@mail.com,TAX-866272,8131 Oak Ave,AU,53293,01/07/2026
1463,Karen Anderson,@example.com,TAX-87320,7655 Main St,DE,81090,not-a-date
816,Zoë Moore,zoë.moore@mail.com,TAX-630330,7881 Oak Ave,,60390,2026-04-09
966,Karen Williams,not-an-email,TAX-674767,1872 Main St,FR,40167,2026
300,Müller Müller,müller.müller@@example.com,0000000000,8441 Main St,UK,33330,07/24/2026
516,Linda Miller,linda.miller@acme.com,TAX-430859,6084 Oak Ave,BR,47652,2026
516,Linda Miller,linda.miller@acme.com,TAX-430859,6084 Oak Ave,BR,47652,20260421
516,Linda Miller,linda.miller @example.com,TAX-430859,6084 Oak Ave,XX,47652,20260520
1306,Susan Miller,susan.miller@example.com,TAX-575025,4118 Oak Ave,AU,12756,07/12/2026
1306,Susan Miller,susan.miller@,TAX-575025,4118 Oak Ave,AU,12756,20260107
1306,Susan Miller,susan.miller@example.com,TAX-575025,4118 Oak Ave, UK,12756,
617,H. Müller,håkon.müller@example.com,TAX-299501,1788 Oak Ave,CA,98966,04/04/2026
284,José-Lopez,,TAX-990944,6865 Oak Ave,XX,68617,20260508
284,José Lopez,josé.lopez@globex.co,TAX-990944,6865 Oak Ave,CA,68617,01/17/2026
284,JOSÉ LOPEZ,,TAX-990944,6865 Oak Ave,CA,68617,20260204
284,José Lopez,josé.lopez@globex.co,N/A,6865 Oak Ave,CA,68617,20260426
284,José L.,josé.lopez@globex.co,,6865 Oak Ave,CA,68617,20260727
1097,Karen Øst,@example.com,TAX-,1057 Oak Ave,CA,54311,not-a-date
811,John Anderson,not-an-email,TAX-533467,4628 Main St, AU,35379,03/04/2026
755,Håkon Moore,@example.com,TAX-717658,5432 Main St,UK,78699,07/19/2026
1417,Jessica Gonzalez,jessica.gonzalez@@example.com,TAX-885059,728 Oak Ave,DE,81640,20260528
1069,Björn Garcia,,TAX-,4446 Main St,XX,10630,02/21/2026
662,Susan Wilson,susan.wilson@globex.co,TAX-,6953 Main St,FR,80197,2026
1305,Joseph Van Der Berg,joseph.van.der.berg@example.com,???,2422 Main St,BR,20650,02/22/2026
472,FRANÇOIS FÜRST,françois.fürst@acme.com,TAX-791787,2400 Oak Ave,US,27230,20260624
472,François Fürst,françois.fürst@acme.com,TAX-791787,2400 Oak Ave,uk,27230,20260422
472,François Fürst,françois.fürst@acme.com,TAX-,2400 Oak Ave,,27230,2026-07-20
472,,françois.fürst@acme.com,TAX-791787,2400 Oak Ave,,27230,20260203
472,François Fürst,françois.fürst@acme.com,TAX-791787,2400 Oak Ave,US,27230,01/02/2026
472,  François Fürst  ,françois.fürst@acme.com,TAX-791787,2400 Oak Ave,US,27230,05/03/2026
472,François Fürst,françois.fürst@@example.com,,2400 Oak Ave,,27230,0000-00-00
472,François Fürst,françois.fürst@acme.com,TAX-791787,2400 Oak Ave,US,27230,0000-00-00
142,Renée Müller,renée.müller@mail.com,TAX-220939,7976 Oak Ave,IN,59286,20260311
142,renée müller,renée.müller@mail.com,TAX-220939,7976 Oak Ave,IN,59286,04/02/2026
142,R. Müller,renée.müller@mail.com,TAX-220939,7976 Oak Ave,,59286,20260422
142,Renée M.,@example.com,TAX-220939,7976 Oak Ave,IN,59286,2026-07-01
142,Renée Müller,not-an-email,TAX-220939,7976 Oak Ave, DE,59286,0000-00-00
142,Renée Müller,renée.müller@mail.com,TAX-,7976 Oak Ave,IN,59286,2026-04-26
142,Renée Müller,renée.müller@mail.com,???,7976 Oak Ave,IN,59286,13/45/2026
142,Renée M.,renée.müller@mail.com,TAX-220939,7976 Oak Ave,,59286,not-a-date
1123,Joseph Lopez,joseph.lopez@mail.com,TAX-,6745 Main St,DE,98909,not-a-date
1123,JOSEPH LOPEZ,joseph.lopez@,TAX-440336,6745 Main St,DE,98909,
1123,Joseph Lopez,joseph.lopez@mail.com,TAX-,6745 Main St,us,98909,05/22/2026
1123,Joseph Lopez,,,6745 Main St,DE,98909,20260620
1123,,not-an-email,,6745 Main St,DE,98909,13/45/2026
747,Elizabeth Martin,elizabeth.martin@globex.co,TAX-407765,1707 Main St,AU,31430,2026-05-03
747,Elizabeth Martin,elizabeth.martin@globex.co,TAX-407765,1707 Main St,,31430,20260403
1470,Renée Wilson,@example.com,TAX-156074,6678 Main St,BR,79799,04/16/2026
1470,Renée Wilson,renée.wilson@acme.com,,6678 Main St,au,79799,not-a-date
1470,Renée Wilson,renée.wilson@acme.com,TAX-156074,6678 Main St,de,79799,2026-07-24
1470,Renée Wilson,renée.wilson@@example.com,TAX-,6678 Main St,BR,79799,06/27/2026
1470,,renée.wilson@acme.com,TAX-156074,6678 Main St,BR,79799,02/10/2026
1470,Renée Wilson,renée.wilson@acme.com,TAX-156074,6678 Main St,BR,79799,2026-07-08
1470,Renée W.,@example.com,TAX-156074,6678 Main St,BR,79799,
1470,  Renée Wilson  ,renée.wilson@acme.com,TAX-156074,6678 Main St,BR,79799,01/15/2026
716,Joseph Davis,joseph.davis@globex.co,TAX-887253,8319 Main St,XX,15789,04/24/2026
118,Richard Jones,richard.jones@acme.com,TAX-,4676 Main St,US,73706,
206,Håkon Brown,håkon.brown@example.com,,2567 Oak Ave,,30610,20260114
206,Håkon Brown,håkon.brown@example.com,N/A,2567 Oak Ave,US,30610,04/28/2026
206,Håkon Brown,,TAX-621105,2567 Oak Ave,US,30610,
206,Håkon Brown,håkon.brown@example.com,TAX-621105,2567 Oak Ave,US,30610,01/23/2026
206,Håkon Brown,håkon.brown@example.com,???,2567 Oak Ave,US,30610,02/19/2026
206,Håkon Brown,,TAX-,2567 Oak Ave, FR,30610,2026-01-14
206,Håkon Brown,håkon.brown @example.com,,2567 Oak Ave,US,30610,2026-06-20
206,Håkon Brown,håkon.brown@example.com,,2567 Oak Ave,US,30610,2026-04-10
620,Richard Garcia,richard.garcia@globex.co,TAX-813575,6450 Main St,CA,67980,2026-06-26
620,Richard Garcia,richard.garcia@globex.co,TAX-813575,6450 Main St,CA,67980,07/07/2026
438,William	Martin,william.martin@mail.com,TAX-601647,3419 Oak Ave,,92281,2026-07-20
438,W. Martin,william.martin@mail.com,TAX-601647,3419 Oak Ave,XX,92281,13/45/2026
45,José Jackson,josé.jackson@acme.com,TAX-598277,3206 Main St,,40065,07/21/2026
1470,François Brown,françois.brown@mail.com,,4386 Oak Ave,IN,49494,2026-03-09
513,François Martinez,françois.martinez@mail.com,,4439 Oak Ave,BR,68802,03/01/2026
513,François Martinez,françois.martinez @example.com,TAX-554606,4439 Oak Ave,XX,68802,20260409
513,François Martinez,françois.martinez@mail.com,TAX-554606,4439 Oak Ave,BR,68802,2026-02-06
513,François Martinez,françois.martinez@mail.com,TAX-,4439 Oak Ave,BR,68802,2026
513,François Martinez,françois.martinez@mail.com,TAX-554606,4439 Oak Ave,BR,68802,20260609
513,François Martinez,françois.martinez@mail.com,0000000000,4439 Oak Ave,BR,68802,
513,,françois.martinez@mail.com,TAX-554606,4439 Oak Ave,BR,68802,20260712
513,François Martinez,françois.martinez@mail.com,TAX-554606,4439 Oak Ave,BR,68802,0000-00-00
378,André-Garcia,andré.garcia@,N/A,2863 Main St,FR,99085,20260605
378,André Garcia,andré.garcia@acme.com,TAX-691146,2863 Main St,FR,99085,not-a-date
378,André Garcia,andré.garcia@acme.com,TAX-691146,2863 Main St,,99085,13/45/2026
828,José Jones,josé.jones@globex.co,TAX-595885,1979 Main St,US,60891,13/45/2026
1279,Charles Moore,charles.moore@example.com,TAX-463555,4836 Oak Ave,BR,72466,13/45/2026
911,James Rodriguez,james.rodriguez@acme.com,,9457 Main St,UK,76272,2026
382,Zoë O'Brien,not-an-email,TAX-244826,2612 Oak Ave,de,24206,
1,Zoë Van Der Berg,zoë.van.der.berg@@example.com,TAX-841778,6336 Oak Ave,,39766,20260120
145,Richard Hernandez,,TAX-346763,3032 Main St,XX,75822,2026-05-04
386,ANDRÉ WILLIAMS,andré.williams@@example.com,TAX-745703,6229 Main St,US,16804,20260117
386,André Williams,andré.williams@example.com,TAX-745703,6229 Main St,US,16804,2026-06-15
386,André W.,,TAX-745703,6229 Main St,US,16804,13/45/2026
386,André Williams,andré.williams @example.com,N/A,6229 Main St,XX,16804,02/11/2026
386,André Williams,andré.williams@example.com,0000000000,6229 Main St,US,16804,2026
326,John Garcia,john.garcia@mail.com,TAX-730527,2375 Main St,US,96625,
1096,Thomas Rodriguez,thomas.rodriguez@acme.com,TAX-998912,8752 Oak Ave,,78414,2026-04-20
1012,André Johnson,andré.johnson@acme.com,TAX-387186,8840 Main St,BR,40946,
499,D. García,david.garcía@acme.com,???,5082 Main St,UK,13183,20260508
1180,William Hernandez,william.hernandez@acme.com,TAX-585431,2816 Oak Ave,,34018,2026-06-02
322,Sarah Nguyễn,sarah.nguyễn@example.com,TAX-760028,8948 Oak Ave,FR,33595,20260203
950,Barbara Williams,barbara.williams@acme.com,,7877 Oak Ave,,41818,04/13/2026
611,Charles Rodriguez,charles.rodriguez@example.com,TAX-405464,6491 Main St,FR,65559,03/22/2026
956,Michael Taylor,@example.com,TAX-632616,7505 Main St,BR,15555,20260622
817,Michael Jones,michael.jones@mail.com,0000000000,324 Main St,DE,33318,
1307,Nguyễn W.,nguyễn.williams@globex.co,TAX-493479,2379 Main St,,79180,20260322
682,Müller A.,müller.anderson@example.com,TAX-542158,1771 Main St,UK,95804,2026-02-03
682,Müller A.,müller.anderson@example.com,TAX-542158,1771 Main St,,95804,07/23/2026
682,Müller Anderson,not-an-email,TAX-542158,1771 Main St, BR,95804,2026-01-07
682,M. Anderson,müller.anderson@example.com,TAX-542158,1771 Main St,,95804,20260121
682,,müller.anderson@@example.com,???,1771 Main St,UK,95804,2026-01-20
682,Müller Anderson,müller.anderson@example.com,TAX-,1771 Main St,UK,95804,20260216
682,Müller-Anderson,müller.anderson@example.com,TAX-542158,1771 Main St,UK,95804,2026-02-04
682,müller anderson,müller.anderson@example.com,TAX-,1771 Main St,XX,95804,2026
1140,Richard-Taylor,richard.taylor@@example.com,TAX-272367,1385 Oak Ave,,27430,06/02/2026
339,François Łukasz,françois.łukasz@acme.com,0000000000,2056 Oak Ave,FR,51597,07/15/2026
100,Mary Lopez,mary.lopez@@example.com,TAX-901663,1835 Main St,CA,62445,20260202
100,Mary Lopez,mary.lopez@example.com,0000000000,1835 Main St,,62445,0000-00-00
100,Mary Lopez,mary.lopez @example.com,???,1835 Main St,CA,62445,0000-00-00
174,Sarah G.,sarah.garcia@mail.com,TAX-93039,5531 Oak Ave,CA,93347,13/45/2026
174,Sarah Garcia,sarah.garcia@mail.com,TAX-,5531 Oak Ave,CA,93347,2026-05-20
505,Elizabeth García,elizabeth.garcía@,,340 Oak Ave,,84193,04/09/2026
505,,elizabeth.garcía@acme.com,TAX-457869,340 Oak Ave,UK,84193,not-a-date
505,Elizabeth García,elizabeth.garcía@acme.com,0000000000,340 Oak Ave,uk,84193,2026-02-14
505,Elizabeth García,,TAX-457869,340 Oak Ave,UK,84193,not-a-date
505,Elizabeth García,elizabeth.garcía@acme.com,TAX-457869,340 Oak Ave,UK,84193,2026
1116,Richard Müller,richard.müller@globex.co,,6311 Main St,UK,77438,06/08/2026
1116,Richard Müller,richard.müller@,TAX-100625,6311 Main St,,77438,2026-05-16
1116,Richard Müller,richard.müller@,TAX-100625,6311 Main St,uk,77438,20260625
1116,,richard.müller@globex.co,TAX-100625,6311 Main St,ca,77438,02/14/2026
1116,Richard Müller,richard.müller @example.com,TAX-100625,6311 Main St,UK,77438,2026-05-18
852,Sarah Øst,@example.com,TAX-538815,9176 Oak Ave,DE,99787,
206,Renée García,renée.garcía@example.com,TAX-123224,8251 Main St,AU,86698,not-a-date
302,MICHAEL LOPEZ,michael.lopez@globex.co,TAX-96523,9034 Main St,AU,42962,04/24/2026
302,Michael Lopez,michael.lopez@globex.co,TAX-96523,9034 Main St,AU,42962,0000-00-00
897,Robert Wilson,robert.wilson@mail.com,TAX-848773,2393 Main St,FR,40799,2026-06-09
928,James	Moore,not-an-email,TAX-504923,9336 Main St,XX,69248,2026
246,Joseph O'Brien,joseph.obrien@globex.co,TAX-886316,5984 Main St,IN,57739,2026-05-15
626,Joseph Smith,@example.com,TAX-280058,3999 Oak Ave,UK,37863,04/16/2026
626,  Joseph Smith  ,joseph.smith@acme.com,TAX-280058,3999 Oak Ave,,37863,not-a-date
626,Joseph Smith,,TAX-280058,3999 Oak Ave, FR,37863,not-a-date
626,Joseph Smith,@example.com,0000000000,3999 Oak Ave,UK,37863,04/12/2026
626,Joseph Smith,joseph.smith@acme.com,TAX-,3999 Oak Ave,UK,37863,2026-05-02
685,W. Anderson,william.anderson@acme.com,???,939 Oak Ave,DE,96312,02/12/2026
729,  Håkon Müller  ,håkon.müller@@example.com,0000000000,9544 Oak Ave,AU,90161,05/09/2026
68,Jennifer Gonzalez,not-an-email,TAX-54698,7601 Main St,IN,70479,20260414
466,Sarah Miller,sarah.miller@globex.co,TAX-410126,1954 Oak Ave,,23496,2026-06-10
275,jennifer johnson,jennifer.johnson@acme.com,TAX-346340,344 Oak Ave,,13860,2026-03-14
386,Richard Hernandez,richard.hernandez@mail.com,,5495 Main St,XX,96153,20260411
1329,Barbara Thomas,barbara.thomas@,TAX-740492,4788 Main St,BR,66876,2026-01-28
639,B. Müller,barbara.müller@,TAX-741374,1743 Main St,FR,80708,2026-02-25
639,Barbara Müller,not-an-email,,1743 Main St,FR,80708,20260322
639,Barbara M.,barbara.müller@,TAX-741374,1743 Main St,FR,80708,05/09/2026
553,Renée Brown,renée.brown@@example.com,TAX-577939,4375 Main St,CA,39089,0000-00-00
1472,Mary Martin,mary.martin@example.com,???,2819 Oak Ave,IN,41602,
794,André Thomas,andré.thomas@globex.co,TAX-587070,5503 Oak Ave,US,97323,2026-03-20
996,Thomas-García,thomas.garcía@globex.co,TAX-511638,1065 Oak Ave,US,63668,07/07/2026
996,Thomas	García,thomas.garcía@globex.co,TAX-511638,1065 Oak Ave,US,63668,04/28/2026
996,Thomas García,thomas.garcía@globex.co,???,1065 Oak Ave,US,63668,
996,T. García,thomas.garcía@globex.co,TAX-,1065 Oak Ave,US,63668,0000-00-00
996,Thomas García,thomas.garcía @example.com,TAX-511638,1065 Oak Ave,US,63668,2026
275,Jennifer Garcia,@example.com,TAX-213180,9716 Oak Ave,AU,75897,20260108
275,Jennifer Garcia,jennifer.garcia@example.com,TAX-213180,9716 Oak Ave,AU,75897,0000-00-00
275,Jennifer G.,jennifer.garcia@example.com,TAX-213180,9716 Oak Ave,de,75897,20260722
146,Elizabeth Rodriguez,elizabeth.rodriguez@mail.com,TAX-334994,5075 Oak Ave,IN,72537,20260506
146,Elizabeth Rodriguez,elizabeth.rodriguez@mail.com,TAX-334994,5075 Oak Ave,IN,72537,13/45/2026
146,Elizabeth Rodriguez,elizabeth.rodriguez@mail.com,,5075 Oak Ave,IN,72537,2026-06-10
146,Elizabeth Rodriguez,elizabeth.rodriguez@mail.com,,5075 Oak Ave,IN,72537,20260523
146,Elizabeth Rodriguez,elizabeth.rodriguez@mail.com,TAX-334994,5075 Oak Ave,IN,72537,06/01/2026
257,William Jackson,william.jackson@example.com,0000000000,2798 Oak Ave,CA,92798,
257,William Jackson,william.jackson@example.com,TAX-54349,2798 Oak Ave,CA,92798,2026
257,William-Jackson,,TAX-54349,2798 Oak Ave,CA,92798,20260521
257,William Jackson,william.jackson@example.com,N/A,2798 Oak Ave,XX,92798,
257,William J.,william.jackson@,TAX-54349,2798 Oak Ave,XX,92798,2026-04-05
894,Barbara O'Brien,not-an-email,TAX-,8583 Main St,FR,86124,
894,B. O'Brien,barbara.obrien@globex.co,TAX-276890,8583 Main St,,86124,2026
894,Barbara O'Brien,barbara.obrien@globex.co,TAX-276890,8583 Main St,FR,86124,2026-02-14
1194,Michael Miller,not-an-email,TAX-849647,3587 Main St,,32344,06/16/2026
1194,Michael Miller,michael.miller@example.com,TAX-849647,3587 Main St,IN,32344,20260128
1194,Michael Miller,michael.miller@example.com,0000000000,3587 Main St,IN,32344,2026
622,John Van Der Berg,john.van.der.berg@,N/A,9973 Main St,XX,77795,04/10/2026
1452,,michael.müller@globex.co,TAX-554953,1022 Oak Ave,US,11309,2026-02-08
1452,Michael Müller,michael.müller@globex.co,TAX-554953,1022 Oak Ave,US,11309,0000-00-00
1452,Michael Müller,michael.müller@globex.co,TAX-554953,1022 Oak Ave,,11309,not-a-date
1452,  Michael Müller  ,michael.müller@globex.co,0000000000,1022 Oak Ave,US,11309,01/10/2026
1452,Michael M.,michael.müller@globex.co,TAX-554953,1022 Oak Ave, IN,11309,05/25/2026
893,william martinez,william.martinez@mail.com,TAX-387181,8491 Oak Ave,US,36934,03/08/2026
61,C. Wilson,charles.wilson@acme.com,TAX-,2101 Main St,IN,78393,2026-04-25
61,  Charles Wilson  ,,TAX-643738,2101 Main St,IN,78393,
61,Charles Wilson,charles.wilson@acme.com,,2101 Main St,IN,78393,20260508
1176,Björn Garcia,björn.garcia@globex.co,,8355 Main St,AU,28992,20260712
1087,Mary Müller,,,6508 Oak Ave,BR,36652,
1442,José R.,josé.rodriguez@example.com,TAX-392925,604 Main St,CA,32515,03/02/2026
132,Håkon García,,TAX-61464,3715 Main St,FR,82490,0000-00-00
132,Håkon García,håkon.garcía@,TAX-61464,3715 Main St,FR,82490,2026-03-25
132,Håkon García,håkon.garcía@mail.com,TAX-61464,3715 Main St,FR,82490,13/45/2026
1242,L. Miller,linda.miller@globex.co,,7068 Main St,UK,41042,0000-00-00
151,John Martinez,@example.com,TAX-338606,169 Main St,BR,39363,07/06/2026
323,Joseph Rodriguez,joseph.rodriguez@mail.com,TAX-58700,9402 Main St,,35880,20260105
1347,Håkon Fürst,håkon.fürst@example.com,TAX-142526,2904 Oak Ave,CA,50438,20260712
1218,Thomas Hernandez,thomas.hernandez@example.com,TAX-866920,8588 Main St,DE,89560,20260622
1218,Thomas Hernandez,thomas.hernandez@example.com,0000000000,8588 Main St,,89560,2026-01-03
1218,Thomas Hernandez,@example.com,TAX-866920,8588 Main St,DE,89560,20260627
948,Joseph-Moore,joseph.moore@mail.com,,4529 Main St,,56415,06/04/2026
239,Müller Moore,müller.moore@globex.co,,112 Main St,de,36012,2026
726,David Van Der Berg,david.van.der.berg@,,1781 Oak Ave,,16123,13/45/2026
726,David Van Der Berg,,???,1781 Oak Ave,fr,16123,2026-01-11
726,David	Berg,david.van.der.berg@mail.com,???,1781 Oak Ave,us,16123,04/06/2026
726,David Van Der Berg,david.van.der.berg@@example.com,TAX-535524,1781 Oak Ave,BR,16123,not-a-date
726,David B.,david.van.der.berg@mail.com,???,1781 Oak Ave,BR,16123,06/11/2026
726,David Van Der Berg,,TAX-535524,1781 Oak Ave,,16123,05/22/2026
726,David Van Der Berg,david.van.der.berg@mail.com,TAX-535524,1781 Oak Ave,BR,16123,
726,David Van Der Berg,david.van.der.berg@mail.com,TAX-535524,1781 Oak Ave, UK,16123,2026-01-27
1342,Elizabeth Williams,,TAX-132107,9488 Oak Ave,US,49218,01/21/2026
606,thomas łukasz,thomas.łukasz@,TAX-169913,6303 Main St,FR,24351,2026-06-23
852,Nguyễn Moore,nguyễn.moore@globex.co,TAX-623059,4910 Oak Ave,FR,65177,20260222
987,David Gonzalez,@example.com,TAX-833211,3423 Main St,BR,42631,05/20/2026
987,David Gonzalez,david.gonzalez@globex.co,TAX-833211,3423 Main St,XX,42631,04/04/2026
987,David Gonzalez,@example.com,TAX-833211,3423 Main St,BR,42631,07/11/2026
1451,Richard Williams,,N/A,7465 Oak Ave,UK,42817,not-a-date
1347,RENÉE ANDERSON,,TAX-,7776 Oak Ave,BR,22026,01/18/2026
968,håkon jackson,håkon.jackson@example.com,TAX-578785,648 Oak Ave,DE,75964,
208,Linda Taylor,linda.taylor@acme.com,TAX-599204,5672 Main St,XX,35618,not-a-date
208,Linda T.,linda.taylor@acme.com,N/A,5672 Main St,BR,35618,13/45/2026
208,Linda Taylor,linda.taylor@acme.com,TAX-599204,5672 Main St,BR,35618,20260621
208,Linda Taylor,linda.taylor@acme.com,TAX-,5672 Main St,,35618,
208,Linda Taylor,linda.taylor@acme.com,TAX-599204,5672 Main St,BR,35618,13/45/2026
151,Thomas Martin,thomas.martin @example.com,TAX-433442,8378 Oak Ave,CA,95855,
1499,Jessica Jackson,@example.com,TAX-536287,1096 Oak Ave,US,48992,
1499,Jessica Jackson,jessica.jackson@example.com,TAX-536287,1096 Oak Ave,US,48992,2026
1499,JESSICA JACKSON,not-an-email,TAX-536287,1096 Oak Ave,US,48992,06/06/2026
1499,Jessica Jackson,jessica.jackson@example.com,TAX-536287,1096 Oak Ave,US,48992,2026
1499,Jessica Jackson,jessica.jackson@example.com,TAX-536287,1096 Oak Ave,uk,48992,
23,Thomas Rodriguez,not-an-email,TAX-518950,6752 Oak Ave,FR,35889,06/20/2026
23,T. Rodriguez,thomas.rodriguez@globex.co,,6752 Oak Ave,FR,35889,06/16/2026
23,Thomas Rodriguez,thomas.rodriguez@globex.co,TAX-,6752 Oak Ave,XX,35889,20260610
1227,William Moore,william.moore@globex.co,TAX-758835,940 Main St,BR,75591,2026-06-26
879,Patricia Brown,patricia.brown@acme.com,TAX-996589,8620 Main St, UK,63177,2026-04-01
108,André Davis,andré.davis@globex.co,TAX-298694,304 Main St,DE,58324,20260214
169,Zoë Martin,zoë.martin@acme.com,TAX-102366,968 Oak Ave, DE,25257,05/07/2026
1356,Jessica Anderson,not-an-email,TAX-492033,3263 Main St,FR,83182,20260418
1046,José Davis,josé.davis@mail.com,N/A,5401 Main St,DE,98686,2026-05-13
904,Søren Brown,søren.brown@acme.com,,3980 Oak Ave, IN,44010,not-a-date
949,mary jackson,not-an-email,,2525 Main St,DE,34335,
949,Mary Jackson,mary.jackson@globex.co,N/A,2525 Main St, BR,34335,0000-00-00
949,Mary Jackson,mary.jackson@globex.co,TAX-856631,2525 Main St,DE,34335,2026
740,Mary García,mary.garcía@globex.co,TAX-,7347 Oak Ave,,43662,not-a-date
1357,,james.obrien@example.com,TAX-671300,8025 Main St,DE,60328,06/19/2026
1357,James O'Brien,james.obrien@example.com,TAX-671300,8025 Main St,DE,60328,07/16/2026
1357,JAMES O'BRIEN,james.obrien@@example.com,TAX-671300,8025 Main St,XX,60328,2026
1357,James O.,james.obrien@example.com,TAX-671300,8025 Main St,DE,60328,20260516
1357,James O'Brien,james.obrien@example.com,TAX-671300,8025 Main St,,60328,04/11/2026
1357,James O'Brien,james.obrien@example.com,TAX-671300,8025 Main St,DE,60328,
1357,James O'Brien,james.obrien@,,8025 Main St,,60328,13/45/2026
1357,James O'Brien,james.obrien@example.com,TAX-671300,8025 Main St,,60328,
1394,  Björn Rodriguez  ,björn.rodriguez@globex.co,TAX-206578,6768 Oak Ave,XX,86648,
828,  Renée Fürst  ,renée.fürst@globex.co,TAX-923017,5844 Oak Ave,US,67645,20260316
103,John Hernandez,john.hernandez @example.com,TAX-,2224 Oak Ave,CA,21085,2026-03-22
103,John Hernandez,john.hernandez@globex.co,0000000000,2224 Oak Ave,XX,21085,07/24/2026
103,John Hernandez,john.hernandez@globex.co,,2224 Oak Ave,CA,21085,20260726
103,John H.,john.hernandez@globex.co,TAX-49109,2224 Oak Ave,CA,21085,2026-01-16
103,John-Hernandez,john.hernandez @example.com,N/A,2224 Oak Ave,CA,21085,02/08/2026
103,John Hernandez,john.hernandez @example.com,,2224 Oak Ave,CA,21085,2026-05-14
103,John Hernandez,john.hernandez@globex.co,TAX-49109,2224 Oak Ave,CA,21085,13/45/2026
103,John Hernandez,john.hernandez@globex.co,,2224 Oak Ave,XX,21085,03/20/2026
1292,jennifer van der berg,jennifer.van.der.berg@globex.co,TAX-153640,7273 Main St,FR,26339,07/03/2026
1292,J. Berg,jennifer.van.der.berg@globex.co,0000000000,7273 Main St,FR,26339,
1236,François Garcia,@example.com,N/A,9120 Main St,US,78082,03/19/2026
1236,François Garcia,françois.garcia@@example.com,TAX-542049,9120 Main St,XX,78082,20260121
655,José Rodriguez,josé.rodriguez@example.com,TAX-699137,3631 Main St,US,98939,not-a-date
174,José Davis,josé.davis@globex.co,,6309 Main St, UK,70855,2026-05-28
1479,Karen Øst,,TAX-91035,1058 Main St,,16075,02/02/2026
739,Sarah Davis,sarah.davis@globex.co,TAX-535309,6093 Main St,AU,91298,20260522
1322,  Thomas Rodriguez  ,,TAX-,2423 Main St,UK,90692,01/09/2026
648,Håkon Van Der Berg,håkon.van.der.berg@acme.com,TAX-598661,5181 Oak Ave,UK,59918,03/16/2026
616,Müller Johnson,müller.johnson@@example.com,0000000000,6043 Main St,US,81338,20260726
616,Müller-Johnson,müller.johnson@example.com,N/A,6043 Main St,US,81338,2026-04-01
616,MÜLLER JOHNSON,müller.johnson@example.com,TAX-534221,6043 Main St,US,81338,
504,RENÉE VAN DER BERG,renée.van.der.berg@example.com,???,5272 Oak Ave,,20325,2026
504,Renée Van Der Berg,renée.van.der.berg@example.com,N/A,5272 Oak Ave,CA,20325,0000-00-00
504,Renée Van Der Berg,renée.van.der.berg@example.com,TAX-736345,5272 Oak Ave,fr,20325,07/20/2026
786,Linda Davis,linda.davis@example.com,TAX-41867,1097 Oak Ave,DE,49977,13/45/2026
52,WILLIAM NGUYỄN,william.nguyễn@globex.co,TAX-863113,9426 Main St,us,17026,0000-00-00
948,James Anderson,james.anderson@acme.com,,399 Main St,us,13977,04/04/2026
1338,Charles Jones,not-an-email,TAX-330609,6036 Oak Ave,FR,87997,20260624
412,David Taylor,david.taylor @example.com,,9407 Main St,BR,69770,
959,James	Williams,not-an-email,0000000000,9508 Main St,US,40436,2026-03-23
1326,François Brown,françois.brown@globex.co,TAX-595286,5447 Main St,in,69720,2026-03-26
911,James Davis,james.davis@example.com,TAX-67852,6736 Main St, US,56578,not-a-date
911,james davis,james.davis@example.com,TAX-67852,6736 Main St,BR,56578,2026-05-22
911,James	Davis,james.davis @example.com,TAX-67852,6736 Main St,uk,56578,
911,James Davis,james.davis@example.com,TAX-67852,6736 Main St,BR,56578,
911,James Davis,james.davis@example.com,TAX-67852,6736 Main St,BR,56578,20260721
1143,joseph nguyễn,joseph.nguyễn@example.com,TAX-683470,559 Main St, BR,26492,04/01/2026
350,nguyễn johnson,nguyễn.johnson@example.com,,4051 Oak Ave,,68609,13/45/2026
350,Nguyễn Johnson,nguyễn.johnson@example.com,TAX-160871,4051 Oak Ave,FR,68609,2026-07-03
350,Nguyễn Johnson,nguyễn.johnson@@example.com,TAX-160871,4051 Oak Ave,fr,68609,20260407
540,  Charles Martinez  ,charles.martinez@,TAX-,4049 Oak Ave,IN,23865,20260116
932,Karen Fürst,karen.fürst@example.com,TAX-122548,248 Main St,CA,76928,05/05/2026
34,Björn Van Der Berg,björn.van.der.berg@globex.co,TAX-849126,2044 Oak Ave,XX,15323,13/45/2026
172,sarah van der berg,sarah.van.der.berg@globex.co,TAX-,5866 Main St,IN,17147,13/45/2026
172,Sarah Van Der Berg,sarah.van.der.berg@globex.co,TAX-248438,5866 Main St,,17147,
265,Renée Hernandez,renée.hernandez@acme.com,0000000000,5846 Oak Ave,DE,11423,not-a-date
1161,Sarah Anderson,not-an-email,TAX-822963,1383 Oak Ave,DE,36706,
1161,Sarah Anderson,sarah.anderson@mail.com,TAX-822963,1383 Oak Ave,,36706,0000-00-00
1161,Sarah Anderson,sarah.anderson@mail.com,TAX-822963,1383 Oak Ave,XX,36706,05/12/2026
1161,Sarah Anderson,sarah.anderson@mail.com,TAX-822963,1383 Oak Ave,DE,36706,20260415
1161,Sarah Anderson,sarah.anderson@mail.com,TAX-822963,1383 Oak Ave,DE,36706,06/25/2026
1161,Sarah Anderson,sarah.anderson@mail.com,TAX-,1383 Oak Ave, IN,36706,20260516
1161,Sarah Anderson,sarah.anderson@mail.com,TAX-822963,1383 Oak Ave,DE,36706,07/24/2026
1161,sarah anderson,sarah.anderson@mail.com,TAX-822963,1383 Oak Ave,DE,36706,05/05/2026
224,Michael Jones,michael.jones@acme.com,TAX-325277,3111 Main St,br,64345,06/06/2026
1004,Søren W.,søren.williams@mail.com,,7931 Oak Ave,UK,19555,20260611
1004,,søren.williams@,TAX-291811,7931 Oak Ave,UK,19555,13/45/2026
1004,Søren Williams,søren.williams@mail.com,TAX-291811,7931 Oak Ave,UK,19555,20260627
1004,Søren Williams,søren.williams@mail.com,TAX-291811,7931 Oak Ave,XX,19555,2026-07-25
1004,Søren Williams,søren.williams@mail.com,TAX-291811,7931 Oak Ave,UK,19555,20260217
1004,Søren Williams,søren.williams@mail.com,TAX-291811,7931 Oak Ave, DE,19555,2026-02-15
1004,Søren Williams,søren.williams@@example.com,,7931 Oak Ave,UK,19555,2026
1004,Søren Williams,søren.williams@mail.com,N/A,7931 Oak Ave,UK,19555,not-a-date
97,DAVID MARTINEZ,david.martinez@globex.co,TAX-629963,7392 Oak Ave,UK,20823,20260716
529,David Miller,david.miller@globex.co,TAX-375388,9144 Oak Ave,,66056,20260225
798,Müller Williams,müller.williams@globex.co,TAX-19491,2952 Oak Ave,DE,63576,20260319
1346,Joseph Jackson,joseph.jackson @example.com,TAX-,7196 Main St,BR,83081,2026-06-09
1346,  Joseph Jackson  ,@example.com,TAX-442647,7196 Main St,BR,83081,02/13/2026
1346,Joseph Jackson,not-an-email,TAX-442647,7196 Main St,BR,83081,20260717
15,Mary Jones,,,4259 Main St, BR,74266,not-a-date
746,José Thomas,josé.thomas@example.com,,2724 Oak Ave,IN,15485,07/07/2026
513,José M.,josé.martin@example.com,N/A,1173 Main St, DE,72754,0000-00-00
1309,Jessica Thomas,jessica.thomas@example.com,TAX-886178,9690 Oak Ave,IN,51541,2026
1217,André Brown,andré.brown@example.com,???,7005 Oak Ave,fr,98137,0000-00-00
1027,Jessica Johnson,,TAX-860846,7333 Main St,FR,86334,07/12/2026
96,  Linda Miller  ,linda.miller@acme.com,TAX-311213,8104 Oak Ave,US,26299,20260701
96,Linda Miller,,,8104 Oak Ave,US,26299,13/45/2026
96,L. Miller,linda.miller@,TAX-311213,8104 Oak Ave,US,26299,07/19/2026
789,Linda Nguyễn,not-an-email,TAX-416494,4182 Oak Ave,,29467,20260226
1198,André Wilson,,TAX-556961,8968 Main St,au,81976,05/15/2026
1343,Zoë Wilson,zoë.wilson@acme.com,TAX-227293,1752 Oak Ave,US,80820,2026-01-28
540,Susan Taylor,susan.taylor@acme.com,TAX-955260,7437 Oak Ave,XX,80536,20260121
540,Susan Taylor,@example.com,???,7437 Oak Ave,in,80536,
540,Susan Taylor,susan.taylor@acme.com,TAX-,7437 Oak Ave,BR,80536,2026
540,  Susan Taylor  ,susan.taylor@acme.com,TAX-,7437 Oak Ave,BR,80536,0000-00-00
540,Susan Taylor,susan.taylor@acme.com,N/A,7437 Oak Ave,BR,80536,
540,Susan Taylor,susan.taylor@acme.com,,7437 Oak Ave,BR,80536,04/08/2026
540,Susan Taylor,susan.taylor@acme.com,???,7437 Oak Ave,BR,80536,06/05/2026
540,Susan Taylor,susan.taylor@acme.com,TAX-955260,7437 Oak Ave,,80536,20260428
522,Linda Martinez,@example.com,TAX-296313,4310 Main St,us,81281,02/06/2026
522,Linda Martinez,,TAX-296313,4310 Main St,US,81281,2026-06-11
522,Linda Martinez,linda.martinez@mail.com,TAX-296313,4310 Main St,US,81281,01/25/2026
522,Linda Martinez,@example.com,TAX-296313,4310 Main St,US,81281,2026-06-10
522,Linda Martinez,linda.martinez@mail.com,TAX-296313,4310 Main St,US,81281,
522,Linda Martinez,linda.martinez@mail.com,,4310 Main St,XX,81281,not-a-date
522,Linda M.,linda.martinez@mail.com,TAX-296313,4310 Main St,,81281,
522,Linda Martinez,linda.martinez@,TAX-296313,4310 Main St,US,81281,2026
974,Richard Martin,richard.martin @example.com,???,1315 Main St,UK,36722,20260204
229,Karen Nguyễn,@example.com,TAX-126580,9852 Oak Ave,AU,81395,2026-04-22
1472,Müller Lopez,not-an-email,TAX-755159,5704 Oak Ave,in,79857,20260108
651,Richard O'Brien,richard.obrien@mail.com,TAX-464664,4476 Main St,FR,14390,03/28/2026
886,James Martinez,james.martinez@@example.com,TAX-323888,132 Main St,,88918,
1318,Patricia García,patricia.garcía@acme.com,TAX-379105,9105 Oak Ave,,97201,20260618
1203,Susan Davis,susan.davis@example.com,TAX-611278,4103 Main St,IN,55278,06/21/2026
1203,Susan Davis,susan.davis@example.com,TAX-611278,4103 Main St,IN,55278,13/45/2026
320,RICHARD FÜRST,richard.fürst@acme.com,TAX-804230,4601 Oak Ave,UK,13367,
375,James Lopez,@example.com,TAX-15642,4485 Main St,DE,78228,
349,J. Müller,joseph.müller@example.com,TAX-373116,8537 Main St,IN,93979,20260209
1320,André García,not-an-email,N/A,992 Main St,,16922,0000-00-00
863,,richard.hernandez@globex.co,,7207 Oak Ave, FR,99106,2026-02-08
404,Charles Jones,charles.jones@globex.co,TAX-488649,5632 Oak Ave,UK,26230,2026-03-18
404,Charles Jones,charles.jones@globex.co,N/A,5632 Oak Ave,UK,26230,2026-04-10
404,CHARLES JONES,@example.com,???,5632 Oak Ave,UK,26230,2026-01-14
777,Zoë Brown,zoë.brown@@example.com,N/A,7483 Oak Ave,br,45443,2026-07-07
1423,Björn Martinez,björn.martinez@globex.co,???,5324 Oak Ave,,56451,05/06/2026
94,,richard.jackson@acme.com,TAX-833544,4033 Oak Ave,XX,39686,2026-01-16
348,Björn Rodriguez,björn.rodriguez@mail.com,TAX-177841,6235 Oak Ave,de,92315,02/01/2026
348,Björn Rodriguez,björn.rodriguez@mail.com,TAX-177841,6235 Oak Ave,IN,92315,20260703
439,Jessica	Smith,jessica.smith@example.com,TAX-877164,4555 Main St, FR,73412,2026-07-19
439,Jessica	Smith,@example.com,N/A,4555 Main St,US,73412,20260113
439,Jessica Smith,jessica.smith@example.com,N/A,4555 Main St,XX,73412,13/45/2026
439,Jessica Smith,jessica.smith@example.com,,4555 Main St,US,73412,2026-07-06
439,J. Smith,jessica.smith@example.com,???,4555 Main St,XX,73412,2026-07-09
1232,  Nguyễn Rodriguez  ,nguyễn.rodriguez@globex.co,0000000000,578 Oak Ave,IN,58638,2026-06-27
695,Barbara-Martin,barbara.martin @example.com,TAX-122306,8801 Oak Ave,IN,10657,0000-00-00
696,Nguyễn Smith,nguyễn.smith@,,8107 Main St,AU,43236,20260617
1387,Håkon-Miller,håkon.miller@acme.com,TAX-370679,5365 Oak Ave,XX,76072,13/45/2026
847,Müller Martin,müller.martin @example.com,N/A,3727 Main St,ca,51750,02/13/2026
1165,JAMES ANDERSON,not-an-email,TAX-23162,366 Main St,FR,49196,
84,Robert García,robert.garcía@globex.co,TAX-427417,2714 Main St,IN,74848,20260526
84,R. García,robert.garcía @example.com,TAX-427417,2714 Main St,IN,74848,07/03/2026
84,,robert.garcía@globex.co,N/A,2714 Main St,IN,74848,06/02/2026
84,Robert García,robert.garcía@,TAX-427417,2714 Main St,IN,74848,06/04/2026
84,Robert García,robert.garcía@globex.co,TAX-427417,2714 Main St,br,74848,
1253,François	Nguyễn,françois.nguyễn @example.com,TAX-922743,4822 Main St,AU,29207,
976,Jessica Martin,jessica.martin@globex.co,,2669 Main St,BR,25790,20260115
244,Barbara Moore,barbara.moore@globex.co,TAX-576263,7406 Oak Ave,CA,32372,0000-00-00
244,BARBARA MOORE,barbara.moore@globex.co,TAX-576263,7406 Oak Ave,CA,32372,07/15/2026
244,Barbara Moore,barbara.moore@globex.co,TAX-576263,7406 Oak Ave,uk,32372,04/28/2026
615,Charles Jones,charles.jones@acme.com,TAX-156410,7857 Oak Ave,US,93217,2026-02-01
451,James Lopez,james.lopez@@example.com,TAX-660823,4006 Main St,US,82097,2026-05-25
896,Patricia Rodriguez,patricia.rodriguez@globex.co,TAX-743449,7872 Oak Ave, DE,37015,01/26/2026
896,Patricia-Rodriguez,patricia.rodriguez@globex.co,TAX-743449,7872 Oak Ave,FR,37015,20260621
896,Patricia Rodriguez,patricia.rodriguez@,,7872 Oak Ave,FR,37015,20260127
896,Patricia Rodriguez,patricia.rodriguez@globex.co,TAX-743449,7872 Oak Ave,FR,37015,06/13/2026
896,Patricia Rodriguez,patricia.rodriguez@globex.co,0000000000,7872 Oak Ave,,37015,0000-00-00
896,  Patricia Rodriguez  ,patricia.rodriguez @example.com,???,7872 Oak Ave,FR,37015,13/45/2026
896,Patricia Rodriguez,patricia.rodriguez@globex.co,TAX-743449,7872 Oak Ave,br,37015,
896,Patricia Rodriguez,patricia.rodriguez@globex.co,TAX-743449,7872 Oak Ave,fr,37015,07/05/2026
235,  Björn Wilson  ,,TAX-455544,929 Oak Ave,UK,76711,20260127
235,Björn Wilson,björn.wilson@mail.com,N/A,929 Oak Ave,UK,76711,20260225
235,Björn Wilson,björn.wilson@mail.com,TAX-455544,929 Oak Ave,UK,76711,2026-02-08
235,Björn Wilson,@example.com,TAX-455544,929 Oak Ave,,76711,2026-01-15
235,Björn Wilson,björn.wilson@mail.com,TAX-455544,929 Oak Ave,UK,76711,0000-00-00
270,Søren-Johnson,søren.johnson@globex.co,0000000000,8710 Main St,XX,45768,20260526
270,Søren Johnson,@example.com,TAX-865949,8710 Main St,BR,45768,01/20/2026
1160,,@example.com,TAX-222780,1328 Main St,BR,73451,13/45/2026
1160,Joseph Lopez,joseph.lopez@acme.com,TAX-222780,1328 Main St,BR,73451,20260503
1160,Joseph Lopez,joseph.lopez@@example.com,TAX-222780,1328 Main St,,73451,2026-02-09
1160,joseph lopez,@example.com,???,1328 Main St,BR,73451,not-a-date
1160,Joseph Lopez,joseph.lopez@acme.com,TAX-222780,1328 Main St, AU,73451,2026-02-21
1419,Søren-Garcia,søren.garcia@globex.co,TAX-752065,1687 Main St,DE,31454,0000-00-00
1304,,mary.obrien@globex.co,0000000000,1133 Oak Ave,IN,36565,20260305
296,Mary Jones,,???,149 Oak Ave,de,21810,
706,Björn Martin,björn.martin@mail.com,TAX-539272,3290 Main St,UK,39667,02/02/2026
234,Patricia Lopez,patricia.lopez@mail.com,TAX-938746,3844 Oak Ave,XX,20290,20260725
253,håkon lopez,håkon.lopez@acme.com,TAX-351951,9775 Main St,IN,55941,2026-02-14
1270,François Williams,françois.williams@globex.co,TAX-157037,8418 Main St,FR,97292,
723,Mary Jackson,mary.jackson@globex.co,,1836 Oak Ave,BR,98911,2026
920,Renée Van Der Berg,@example.com,TAX-269952,7729 Main St,IN,62115,06/09/2026
915,Michael Fürst,michael.fürst@globex.co,TAX-104518,2713 Oak Ave,AU,29805,0000-00-00
915,Michael Fürst,not-an-email,TAX-104518,2713 Oak Ave,AU,29805,20260213
1236,Renée-Thomas,renée.thomas@mail.com,TAX-723084,86 Oak Ave,CA,59678,13/45/2026
442,Barbara Thomas,barbara.thomas@mail.com,N/A,8509 Main St,CA,91227,20260315
712,Michael B.,michael.van.der.berg@example.com,TAX-82645,4889 Oak Ave, UK,98511,2026-02-17
321,Renée Jones,renée.jones@globex.co,TAX-611135,4493 Oak Ave,UK,13860,
547,Sarah Moore,not-an-email,???,9005 Main St,XX,43957,
547,Sarah Moore,sarah.moore@@example.com,TAX-678884,9005 Main St, BR,43957,20260110
547,Sarah Moore,sarah.moore@example.com,TAX-678884,9005 Main St,in,43957,
547,  Sarah Moore  ,sarah.moore@example.com,TAX-678884,9005 Main St,UK,43957,20260120
547,sarah moore,sarah.moore@example.com,???,9005 Main St,,43957,03/02/2026
785,richard martinez,richard.martinez@@example.com,TAX-18229,1001 Main St,UK,57159,20260526
994,Thomas J.,thomas.johnson@mail.com,TAX-112380,8958 Main St,IN,41813,13/45/2026
994,THOMAS JOHNSON,thomas.johnson@mail.com,,8958 Main St,IN,41813,20260312
994,Thomas Johnson,thomas.johnson@mail.com,TAX-112380,8958 Main St,IN,41813,0000-00-00
435,  Håkon O'Brien  ,,,5745 Oak Ave,CA,32831,07/10/2026
435,Håkon O.,håkon.obrien@example.com,TAX-16915,5745 Oak Ave,CA,32831,2026-05-25
435,Håkon O'Brien,håkon.obrien@example.com,TAX-16915,5745 Oak Ave, IN,32831,20260724
435,Håkon O'Brien,håkon.obrien@example.com,TAX-16915,5745 Oak Ave,CA,32831,20260402
435,Håkon	O'Brien,håkon.obrien@example.com,TAX-16915,5745 Oak Ave,CA,32831,2026-02-11
435,Håkon O'Brien,not-an-email,TAX-16915,5745 Oak Ave,CA,32831,20260307
435,Håkon O'Brien,håkon.obrien@example.com,TAX-16915,5745 Oak Ave,CA,32831,20260401
435,Håkon-O'Brien,not-an-email,TAX-16915,5745 Oak Ave,CA,32831,
506,John Gonzalez,john.gonzalez@@example.com,,2481 Main St,CA,59783,20260327
506,John Gonzalez,john.gonzalez@example.com,TAX-966924,2481 Main St, UK,59783,2026-06-26
506,John Gonzalez,john.gonzalez@example.com,TAX-966924,2481 Main St,CA,59783,not-a-date
1267,michael łukasz,@example.com,TAX-169357,2605 Main St,AU,16799,2026-03-19
507,Mary Johnson,mary.johnson@mail.com,TAX-395164,1896 Oak Ave,,67354,2026-06-09
507,  Mary Johnson  ,mary.johnson@mail.com,TAX-395164,1896 Oak Ave,BR,67354,04/08/2026
507,Mary Johnson,mary.johnson@mail.com,TAX-395164,1896 Oak Ave,BR,67354,0000-00-00
507,Mary J.,mary.johnson@mail.com,TAX-395164,1896 Oak Ave,BR,67354,
507,mary johnson,not-an-email,TAX-395164,1896 Oak Ave,BR,67354,2026-02-22
507,Mary Johnson,mary.johnson@mail.com,TAX-395164,1896 Oak Ave,,67354,not-a-date
507,  Mary Johnson  ,not-an-email,TAX-395164,1896 Oak Ave,,67354,07/01/2026
507,mary johnson,mary.johnson@mail.com,TAX-,1896 Oak Ave,BR,67354,
936,José Jackson,,???,4724 Main St,UK,39046,0000-00-00
936,José Jackson,,TAX-134795,4724 Main St,in,39046,13/45/2026
799,James Thomas,,TAX-791461,9369 Oak Ave,,42837,07/10/2026
924,John Martinez,john.martinez@acme.com,TAX-605394,1993 Oak Ave,FR,59317,2026-03-25
1143,James Müller,@example.com,TAX-139987,4408 Main St, UK,56887,20260223
1143,James Müller,james.müller@acme.com,TAX-139987,4408 Main St,us,56887,06/26/2026
1143,James-Müller,james.müller @example.com,TAX-139987,4408 Main St,BR,56887,2026
1143,James	Müller,,TAX-139987,4408 Main St,BR,56887,
1143,James Müller,james.müller@acme.com,TAX-139987,4408 Main St,BR,56887,01/06/2026
1021,M. Williams,mary.williams@mail.com,,8753 Oak Ave,CA,12104,0000-00-00
1021,Mary Williams,,TAX-226279,8753 Oak Ave,CA,12104,2026-03-11
1021,Mary Williams,,TAX-226279,8753 Oak Ave,CA,12104,2026
965,thomas martinez,thomas.martinez@,,3463 Main St,,45447,13/45/2026
965,  Thomas Martinez  ,thomas.martinez@acme.com,TAX-619315,3463 Main St,CA,45447,2026-01-11
965,Thomas M.,thomas.martinez@,TAX-619315,3463 Main St,CA,45447,13/45/2026
965,Thomas Martinez,thomas.martinez@acme.com,TAX-619315,3463 Main St,CA,45447,2026-05-03
965,Thomas-Martinez,@example.com,,3463 Main St,CA,45447,03/23/2026
965,Thomas Martinez,thomas.martinez@acme.com,TAX-619315,3463 Main St,CA,45447,07/07/2026
965,Thomas Martinez,not-an-email,TAX-619315,3463 Main St,CA,45447,03/19/2026
965,Thomas Martinez,thomas.martinez@acme.com,TAX-619315,3463 Main St,CA,45447,05/09/2026
795,Nguyễn Lopez,nguyễn.lopez@example.com,,163 Main St,UK,52684,20260515
365,Søren Fürst,søren.fürst@mail.com,TAX-235141,5442 Oak Ave,US,19897,07/26/2026
365,Søren-Fürst,@example.com,TAX-,5442 Oak Ave,US,19897,2026
365,Søren Fürst,søren.fürst@mail.com,TAX-235141,5442 Oak Ave,,19897,
398,Renée Taylor,,TAX-995263,2885 Main St,in,76561,20260701
563,  Renée Øst  ,renée.øst @example.com,TAX-,4119 Oak Ave,XX,40093,20260713
135,David	Taylor,david.taylor@globex.co,TAX-351737,1153 Main St,XX,49711,05/13/2026
135,D. Taylor,david.taylor@globex.co,TAX-351737,1153 Main St,AU,49711,not-a-date
135,David Taylor,david.taylor@globex.co,TAX-351737,1153 Main St,AU,49711,07/03/2026
135,David Taylor,david.taylor@globex.co,TAX-351737,1153 Main St,AU,49711,07/04/2026
135,David Taylor,david.taylor@globex.co,TAX-351737,1153 Main St,AU,49711,2026
1135,Linda	Łukasz,linda.łukasz@mail.com,TAX-565366,2347 Main St,,94787,02/07/2026
324,FRANÇOIS DAVIS,,N/A,1023 Oak Ave,CA,10872,20260209
1043,Patricia Łukasz,patricia.łukasz@mail.com,???,5780 Main St,,10309,
285,Linda	García,,TAX-500961,377 Oak Ave,in,95549,20260717
285,LINDA GARCÍA,linda.garcía@globex.co,???,377 Oak Ave,,95549,20260401
285,Linda García,linda.garcía@globex.co,TAX-500961,377 Oak Ave,US,95549,13/45/2026
285,Linda García,linda.garcía@globex.co,TAX-500961,377 Oak Ave,US,95549,06/05/2026
285,Linda García,linda.garcía@globex.co,,377 Oak Ave,US,95549,
285,Linda García,linda.garcía@globex.co,TAX-500961,377 Oak Ave,US,95549,20260521
285,Linda G.,linda.garcía@globex.co,TAX-500961,377 Oak Ave,US,95549,2026-04-11
285,Linda García,linda.garcía@globex.co,TAX-500961,377 Oak Ave,US,95549,20260320
1173,André Wilson,andré.wilson@mail.com,TAX-41461,1257 Main St,AU,15704,20260202
610,Renée Miller,not-an-email,N/A,1104 Oak Ave,UK,93805,07/08/2026
906,Richard Taylor,richard.taylor@example.com,TAX-411281,1034 Main St, AU,82477,0000-00-00
983,David Williams,david.williams@globex.co,TAX-714886,694 Main St,US,50440,20260223
983,D. Williams,,???,694 Main St,US,50440,2026-01-26
182,André Hernandez,@example.com,TAX-747822,2609 Oak Ave,US,54576,2026-05-15
559,William Lopez,william.lopez@mail.com,0000000000,8053 Oak Ave,XX,87521,2026-05-10
551,Björn Thomas,björn.thomas @example.com,TAX-694164,4864 Main St,BR,99012,2026
1084,  Björn Gonzalez  ,not-an-email,TAX-,7904 Oak Ave,,41400,13/45/2026
960,Michael Łukasz,@example.com,TAX-718485,7729 Main St,FR,47699,
512,Søren Johnson,søren.johnson@example.com,TAX-742085,7732 Main St,AU,84261,03/11/2026
1031,Mary Øst,mary.øst@mail.com,TAX-534791,9562 Main St,,13929,not-a-date
1470,  François Anderson  ,,TAX-382341,7443 Main St,XX,12567,2026-03-19
193,elizabeth jackson,elizabeth.jackson@mail.com,TAX-622529,7649 Main St,AU,91739,01/23/2026
1319,Jessica O'Brien,jessica.obrien@example.com,TAX-470944,45 Main St,UK,79484,20260212
1319,,jessica.obrien@example.com,N/A,45 Main St,UK,79484,20260423
1319,Jessica O'Brien,not-an-email,TAX-470944,45 Main St,UK,79484,
1319,Jessica O'Brien,jessica.obrien@example.com,TAX-470944,45 Main St,UK,79484,02/09/2026
1319,Jessica O'Brien,,TAX-470944,45 Main St,UK,79484,0000-00-00
1204,André Johnson,andré.johnson@mail.com,,2776 Oak Ave,UK,66652,0000-00-00
142,Patricia Rodriguez,patricia.rodriguez@example.com,TAX-225350,7016 Main St,CA,39257,02/14/2026
422,Björn Müller,björn.müller@acme.com,TAX-877197,4047 Main St,,87606,
1442,Sarah G.,,TAX-,8713 Oak Ave,FR,92271,2026-02-23
1442,S. García,sarah.garcía@example.com,TAX-,8713 Oak Ave,FR,92271,20260703
1442,Sarah-García,,TAX-34350,8713 Oak Ave,au,92271,20260326
941,William Müller,william.müller@example.com,TAX-870158,7313 Main St, UK,68672,20260610
1380,Thomas Łukasz,thomas.łukasz@mail.com,N/A,9953 Oak Ave,BR,83826,
396,  Jennifer Van Der Berg  ,jennifer.van.der.berg@example.com,,6590 Oak Ave,,20600,20260401
530,L. Garcia,linda.garcia@acme.com,TAX-996433,9284 Oak Ave,UK,20154,20260512
168,Renée Thomas,renée.thomas@example.com,TAX-208441,9962 Oak Ave,CA,88852,2026-04-11
420,John Van Der Berg,john.van.der.berg@globex.co,TAX-719192,2779 Main St,US,94683,03/15/2026
420,John	Berg,john.van.der.berg@globex.co,,2779 Main St,US,94683,20260611
420,John Van Der Berg,john.van.der.berg@globex.co,TAX-719192,2779 Main St,in,94683,20260201
420,JOHN VAN DER BERG,not-an-email,TAX-719192,2779 Main St,US,94683,20260509
420,John	Berg,john.van.der.berg@globex.co,TAX-719192,2779 Main St,,94683,20260226
420,John Van Der Berg,not-an-email,N/A,2779 Main St,,94683,13/45/2026
420,J. Berg,john.van.der.berg @example.com,TAX-719192,2779 Main St,XX,94683,2026
420,John	Berg,john.van.der.berg@globex.co,TAX-719192,2779 Main St,,94683,02/03/2026
330,Müller Martinez,müller.martinez@acme.com,0000000000,25 Oak Ave, US,26158,
330,Müller Martinez,müller.martinez@@example.com,???,25 Oak Ave,DE,26158,2026-05-07
330,Müller Martinez,müller.martinez@acme.com,TAX-957675,25 Oak Ave,,26158,05/02/2026
481,Michael Moore,michael.moore@mail.com,TAX-719202,4430 Oak Ave,DE,62440,20260702
481,Michael Moore,michael.moore@@example.com,0000000000,4430 Oak Ave,,62440,
481,Michael Moore,@example.com,TAX-719202,4430 Oak Ave,DE,62440,01/03/2026
481,Michael Moore,michael.moore@mail.com,TAX-719202,4430 Oak Ave,DE,62440,2026-01-15
481,MICHAEL MOORE,,TAX-719202,4430 Oak Ave,au,62440,20260621
1179,Linda Taylor,linda.taylor@example.com,???,6353 Main St,DE,55869,04/25/2026
1058,Jennifer Øst,jennifer.øst@globex.co,TAX-597977,1418 Oak Ave,IN,86402,not-a-date
1044,Jessica M.,not-an-email,TAX-,2289 Main St,US,42974,0000-00-00
1409,Susan Smith,susan.smith@example.com,TAX-86811,5356 Main St,UK,13829,
511,Linda Lopez,@example.com,TAX-465941,3805 Main St,XX,69310,13/45/2026
259,John Moore,john.moore@globex.co,TAX-,7298 Oak Ave,uk,10200,2026-07-08
1260,Linda Martinez,linda.martinez@acme.com,???,6577 Oak Ave,CA,30216,20260313
101,S. García,,N/A,427 Main St,XX,68063,
1053,WILLIAM O'BRIEN,@example.com,TAX-332248,3369 Main St, DE,83114,0000-00-00
9,Björn Smith,björn.smith@mail.com,TAX-452925,3277 Oak Ave,FR,61716,2026-05-22
9,Björn Smith,björn.smith@,TAX-452925,3277 Oak Ave,de,61716,not-a-date
9,Björn Smith,björn.smith @example.com,TAX-452925,3277 Oak Ave, BR,61716,
9,Björn-Smith,björn.smith@mail.com,TAX-452925,3277 Oak Ave, CA,61716,2026-05-13
9,Björn Smith,björn.smith@mail.com,TAX-452925,3277 Oak Ave,FR,61716,2026-05-14
82,Linda Martinez,,TAX-54891,4212 Oak Ave,AU,59790,02/22/2026
25,Elizabeth Ł.,elizabeth.łukasz@globex.co,TAX-,7887 Main St,US,54265,20260217
25,Elizabeth Ł.,elizabeth.łukasz@globex.co,TAX-294161,7887 Main St,US,54265,20260212
25,Elizabeth Łukasz,elizabeth.łukasz@globex.co,,7887 Main St,,54265,
25,Elizabeth Łukasz,,TAX-294161,7887 Main St,US,54265,not-a-date
25,Elizabeth Łukasz,elizabeth.łukasz @example.com,TAX-294161,7887 Main St,us,54265,13/45/2026
25,Elizabeth Łukasz,elizabeth.łukasz@globex.co,0000000000,7887 Main St,US,54265,20260506
25,Elizabeth Łukasz,not-an-email,TAX-294161,7887 Main St,US,54265,04/13/2026
25,Elizabeth Ł.,not-an-email,TAX-294161,7887 Main St,US,54265,2026-07-04
589,Renée Fürst,renée.fürst@globex.co,TAX-205738,5337 Oak Ave, DE,64850,2026
589,Renée Fürst,not-an-email,0000000000,5337 Oak Ave,FR,64850,04/17/2026
589,Renée Fürst,,TAX-205738,5337 Oak Ave,FR,64850,2026-04-14
589,Renée Fürst,,TAX-205738,5337 Oak Ave,FR,64850,2026-03-06
589,,renée.fürst@globex.co,,5337 Oak Ave,FR,64850,01/07/2026
1156,José Van Der Berg,@example.com,TAX-106920,3452 Oak Ave,ca,89158,2026-07-03
877,Nguyễn Miller,nguyễn.miller@acme.com,0000000000,3062 Oak Ave,BR,21715,0000-00-00
335,Renée	Williams,renée.williams@@example.com,TAX-189258,9341 Main St, UK,24324,04/18/2026
920,Jennifer	Jackson,jennifer.jackson@@example.com,TAX-833094,7105 Oak Ave,us,16858,2026
271,Joseph García,joseph.garcía@,0000000000,6053 Main St,,16426,02/03/2026
1162,Sarah Rodriguez,sarah.rodriguez@globex.co,N/A,7930 Oak Ave, BR,58111,2026-04-08
691,JESSICA SMITH,jessica.smith@,TAX-102310,6981 Main St, CA,64696,not-a-date
152,Håkon Miller,håkon.miller@globex.co,TAX-,4575 Oak Ave,BR,36478,03/09/2026
661,Sarah Moore,sarah.moore@mail.com,0000000000,7023 Oak Ave,IN,99183,0000-00-00
475,François O'Brien,not-an-email,TAX-659208,912 Oak Ave, IN,47332,01/03/2026
907,jessica müller,jessica.müller@mail.com,N/A,758 Main St,BR,35808,07/08/2026
159,Joseph Rodriguez,joseph.rodriguez@mail.com,TAX-840334,7604 Main St,DE,33165,2026-02-17
159,Joseph Rodriguez,joseph.rodriguez@mail.com,???,7604 Main St,DE,33165,2026-05-01
159,Joseph Rodriguez,joseph.rodriguez@mail.com,TAX-,7604 Main St, FR,33165,2026-07-22
159,Joseph Rodriguez,joseph.rodriguez@,N/A,7604 Main St,XX,33165,not-a-date
159,Joseph Rodriguez,joseph.rodriguez@mail.com,,7604 Main St,DE,33165,20260219
90,Richard Williams,richard.williams@example.com,TAX-351157,8191 Main St,ca,33877,
370,Björn Smith,björn.smith@globex.co,,5998 Oak Ave,IN,60462,
567,Joseph Fürst,joseph.fürst @example.com,TAX-271928,2921 Main St,US,53772,2026-04-08
937,JAMES VAN DER BERG,james.van.der.berg@acme.com,TAX-640000,4514 Oak Ave,US,53289,20260305
937,James B.,james.van.der.berg@acme.com,TAX-640000,4514 Oak Ave,uk,53289,13/45/2026
119,Charles Łukasz,charles.łukasz@,TAX-204014,1047 Main St,BR,12591,13/45/2026
501,FRANÇOIS THOMAS,françois.thomas@example.com,TAX-749535,3745 Main St,BR,61612,13/45/2026
188,Thomas Miller,thomas.miller@globex.co,TAX-192441,6791 Main St,UK,67847,0000-00-00
1092,Renée Gonzalez,renée.gonzalez@globex.co,,1396 Oak Ave,XX,15481,
1092,R. Gonzalez,renée.gonzalez@globex.co,TAX-551331,1396 Oak Ave,DE,15481,01/06/2026
1092,Renée Gonzalez,,TAX-551331,1396 Oak Ave,uk,15481,not-a-date
15,michael thomas,michael.thomas@,TAX-956416,1457 Main St,DE,96477,13/45/2026
1381,Håkon Jones,håkon.jones@globex.co,TAX-,5784 Oak Ave,FR,27396,2026
799,Müller Taylor,müller.taylor@acme.com,TAX-390203,6968 Oak Ave,,48177,
1021,  Barbara Williams  ,barbara.williams@acme.com,TAX-629249,3392 Main St,CA,81691,02/13/2026
1021,Barbara Williams,barbara.williams@acme.com,,3392 Main St,CA,81691,2026-05-20
1021,  Barbara Williams  ,barbara.williams@acme.com,TAX-629249,3392 Main St,CA,81691,05/18/2026
1021,Barbara Williams,barbara.williams@acme.com,TAX-629249,3392 Main St,,81691,2026-06-23
1021,Barbara Williams,barbara.williams@acme.com,TAX-629249,3392 Main St,CA,81691,03/23/2026
385,André Gonzalez,andré.gonzalez@example.com,TAX-91902,6843 Oak Ave,,27322,0000-00-00
860,James Anderson,james.anderson@mail.com,TAX-32288,2348 Main St,IN,40055,02/21/2026
1237,Renée Lopez,renée.lopez@mail.com,0000000000,9886 Main St,US,58822,0000-00-00
1237,RENÉE LOPEZ,,TAX-343024,9886 Main St,US,58822,06/19/2026
1237,Renée Lopez,not-an-email,TAX-,9886 Main St,US,58822,20260208
1237,renée lopez,renée.lopez @example.com,TAX-343024,9886 Main St,US,58822,20260605
1237,Renée Lopez,,,9886 Main St,US,58822,not-a-date
876,James Lopez,james.lopez@mail.com,,844 Main St,US,96099,not-a-date
1161,Susan Martin,susan.martin@@example.com,,7968 Oak Ave,DE,83776,03/09/2026
1161,Susan Martin,susan.martin @example.com,TAX-384547,7968 Oak Ave,ca,83776,2026
1161,Susan M.,susan.martin@acme.com,TAX-384547,7968 Oak Ave,in,83776,0000-00-00
1200,  François Hernandez  ,not-an-email,,6341 Main St,fr,29022,2026-03-22
160,André García,andré.garcía@example.com,TAX-205671,3753 Oak Ave,AU,90560,01/14/2026
1468,Sarah Nguyễn,sarah.nguyễn@,TAX-359265,1435 Main St,DE,77384,20260309
362,John Taylor,john.taylor@mail.com,TAX-643253,8425 Main St,FR,89390,2026
1365,Charles Müller,,TAX-701857,2343 Oak Ave, BR,48700,2026
1174,Müller Johnson,,,9029 Main St,FR,65520,2026
858,Michael Wilson,michael.wilson@globex.co,TAX-177455,709 Main St,AU,93901,2026-05-09
858,Michael Wilson,michael.wilson@globex.co,TAX-177455,709 Main St,ca,93901,
858,MICHAEL WILSON,michael.wilson@globex.co,TAX-177455,709 Main St,,93901,20260703
858,Michael Wilson,michael.wilson@globex.co,TAX-177455,709 Main St,AU,93901,13/45/2026
858,Michael Wilson,michael.wilson@globex.co,TAX-177455,709 Main St,XX,93901,05/12/2026
858,Michael Wilson,michael.wilson@globex.co,TAX-177455,709 Main St, DE,93901,
858,Michael Wilson,michael.wilson@globex.co,TAX-177455,709 Main St,AU,93901,2026
858,Michael Wilson,michael.wilson @example.com,TAX-177455,709 Main St,AU,93901,
988,Linda Garcia,linda.garcia@example.com,TAX-83959,516 Oak Ave,,27933,2026-02-06
727,Karen Łukasz,karen.łukasz@@example.com,TAX-418268,3660 Oak Ave, US,47506,05/02/2026
727,Karen Łukasz,,TAX-418268,3660 Oak Ave,,47506,13/45/2026
26,Zoë Lopez,zoë.lopez@example.com,,82 Oak Ave,UK,81394,07/17/2026
967,Jennifer Łukasz,jennifer.łukasz@globex.co,TAX-152004,9972 Oak Ave,BR,44473,03/04/2026
967,Jennifer Łukasz,jennifer.łukasz@globex.co,TAX-152004,9972 Oak Ave,BR,44473,20260517
967,Jennifer	Łukasz,jennifer.łukasz@@example.com,???,9972 Oak Ave,BR,44473,20260207
530,Charles O.,charles.obrien@mail.com,TAX-,2198 Oak Ave,IN,63817,20260111
1088,Sarah Martinez,sarah.martinez@,TAX-759197,3268 Main St,DE,61683,20260624
184,Müller Thomas,müller.thomas@example.com,TAX-348102,4870 Oak Ave, US,87717,01/12/2026
1265,François Johnson,françois.johnson@@example.com,TAX-749509,1240 Main St,US,56424,2026-04-23
1265,François Johnson,françois.johnson@globex.co,,1240 Main St,US,56424,20260127
1265,François Johnson,françois.johnson@globex.co,0000000000,1240 Main St,US,56424,20260526
1265,François-Johnson,françois.johnson@globex.co,TAX-749509,1240 Main St,ca,56424,20260428
1265,François J.,françois.johnson@globex.co,TAX-749509,1240 Main St, FR,56424,2026-06-24
1265,François Johnson,françois.johnson@globex.co,TAX-749509,1240 Main St,,56424,20260613
1265,François Johnson,françois.johnson@,TAX-749509,1240 Main St,,56424,2026-02-06
1265,François Johnson,françois.johnson@@example.com,,1240 Main St,us,56424,2026-03-17
1440,François Van Der Berg,françois.van.der.berg@example.com,N/A,6943 Oak Ave,CA,35286,20260326
1440,François Van Der Berg,@example.com,,6943 Oak Ave,CA,35286,0000-00-00
1440,François Van Der Berg,françois.van.der.berg@example.com,TAX-551151,6943 Oak Ave,CA,35286,
1440,François Van Der Berg,françois.van.der.berg@example.com,TAX-551151,6943 Oak Ave,,35286,2026
1440,François Van Der Berg,,TAX-551151,6943 Oak Ave,CA,35286,
112,FRANÇOIS WILSON,françois.wilson@example.com,TAX-912367,2932 Main St,,90341,20260705
221,James Martinez,james.martinez@mail.com,TAX-635565,1145 Oak Ave, BR,62982,2026-07-19
221,James Martinez,,TAX-635565,1145 Oak Ave,CA,62982,2026
221,James Martinez,james.martinez @example.com,,1145 Oak Ave, AU,62982,20260509
221,James Martinez,@example.com,TAX-635565,1145 Oak Ave,CA,62982,20260311
221,James Martinez,james.martinez@mail.com,,1145 Oak Ave,CA,62982,
1373,Karen M.,karen.moore@globex.co,TAX-,1312 Oak Ave,ca,95629,2026-03-17
1373,Karen Moore,karen.moore@globex.co,,1312 Oak Ave,BR,95629,20260605
1373,Karen Moore,karen.moore@globex.co,TAX-690481,1312 Oak Ave,,95629,20260105
1373,Karen Moore,,TAX-690481,1312 Oak Ave,,95629,2026-02-12
1373,karen moore,karen.moore@globex.co,TAX-690481,1312 Oak Ave,,95629,2026-02-24
1373,  Karen Moore  ,karen.moore@globex.co,TAX-690481,1312 Oak Ave,BR,95629,20260126
1373,Karen Moore,karen.moore@globex.co,TAX-690481,1312 Oak Ave,XX,95629,20260316
1373,Karen Moore,karen.moore@globex.co,TAX-690481,1312 Oak Ave,BR,95629,04/12/2026
260,PATRICIA GARCIA,patricia.garcia@globex.co,TAX-424229,5212 Main St,UK,71838,20260405
260,Patricia Garcia,patricia.garcia @example.com,TAX-424229,5212 Main St,XX,71838,2026-02-23
933,  Karen Hernandez  ,,TAX-709274,6991 Main St,BR,83869,04/06/2026
693,André Brown,andré.brown@@example.com,TAX-603392,3938 Main St,FR,65168,01/21/2026
1397,  David Lopez  ,david.lopez@globex.co,TAX-88601,9619 Oak Ave,,70368,2026-05-17
659,Björn Łukasz,björn.łukasz@mail.com,TAX-283674,7417 Main St,CA,82462,0000-00-00
890,Robert Fürst,robert.fürst@acme.com,TAX-261907,7277 Main St,,53210,
1084,Björn Jackson,björn.jackson@acme.com,TAX-723531,895 Oak Ave,,57266,13/45/2026
620,Sarah Lopez,,TAX-337052,6992 Main St,US,85264,2026-02-08
563,Michael García,michael.garcía@acme.com,TAX-927016,6688 Main St,XX,28738,01/17/2026
563,Michael García,michael.garcía@acme.com,TAX-927016,6688 Main St,,28738,2026-05-06
563,Michael García,michael.garcía@acme.com,TAX-927016,6688 Main St,XX,28738,0000-00-00
358,Patricia Hernandez,patricia.hernandez@mail.com,TAX-38954,6603 Oak Ave,IN,18376,20260315
358,patricia hernandez,patricia.hernandez@mail.com,TAX-,6603 Oak Ave,IN,18376,2026-07-05
358,  Patricia Hernandez  ,patricia.hernandez@mail.com,TAX-38954,6603 Oak Ave,,18376,2026-07-22
1320,José-Müller,@example.com,TAX-395715,8877 Main St,AU,66159,0000-00-00
998,David Nguyễn,david.nguyễn@example.com,???,1032 Oak Ave,CA,24227,04/24/2026
860,François Miller,françois.miller@acme.com,TAX-,6321 Main St,IN,89150,20260711
1046,John Lopez,john.lopez@globex.co,0000000000,5477 Main St,CA,33963,2026-01-19
1455,Håkon Miller,håkon.miller@mail.com,TAX-667418,986 Oak Ave,,90944,20260708
332,Thomas O'Brien,thomas.obrien @example.com,TAX-655201,2141 Main St, IN,16749,2026-02-24
423,Sarah Garcia,sarah.garcia@example.com,???,8570 Main St,FR,16754,2026-04-26
1252,MARY GONZALEZ,mary.gonzalez@acme.com,N/A,3029 Oak Ave,FR,47403,04/20/2026
1252,Mary	Gonzalez,mary.gonzalez@acme.com,???,3029 Oak Ave,FR,47403,01/16/2026
1252,Mary Gonzalez,mary.gonzalez@acme.com,TAX-827054,3029 Oak Ave,,47403,13/45/2026
1252,Mary Gonzalez,mary.gonzalez@acme.com,TAX-827054,3029 Oak Ave,FR,47403,13/45/2026
1252,MARY GONZALEZ,mary.gonzalez@acme.com,TAX-827054,3029 Oak Ave, IN,47403,20260626
395,Elizabeth Øst,,N/A,230 Main St,CA,98615,0000-00-00
1227,Patricia Martin,,TAX-527486,5382 Main St,BR,94765,20260401
1227,Patricia Martin,patricia.martin@mail.com,???,5382 Main St,BR,94765,2026-05-09
1227,Patricia Martin,patricia.martin@mail.com,TAX-527486,5382 Main St,XX,94765,not-a-date
1227,  Patricia Martin  ,patricia.martin@mail.com,TAX-,5382 Main St,BR,94765,07/28/2026
1227,Patricia Martin,patricia.martin@mail.com,TAX-527486,5382 Main St,BR,94765,2026-02-09
625,Patricia Gonzalez,patricia.gonzalez@@example.com,0000000000,717 Oak Ave,DE,47043,2026-01-18
625,Patricia Gonzalez,patricia.gonzalez@example.com,,717 Oak Ave,fr,47043,04/21/2026
625,Patricia Gonzalez,patricia.gonzalez@@example.com,,717 Oak Ave, US,47043,2026-07-18
101,robert fürst,robert.fürst@mail.com,,389 Main St,,91881,20260214
191,Charles Wilson,charles.wilson@mail.com,0000000000,9477 Oak Ave,,49126,0000-00-00
191,Charles Wilson,charles.wilson@mail.com,TAX-,9477 Oak Ave,FR,49126,06/19/2026
191,C. Wilson,charles.wilson @example.com,TAX-460519,9477 Oak Ave,,49126,20260320
191,Charles Wilson,charles.wilson@mail.com,,9477 Oak Ave,FR,49126,2026-05-06
191,Charles Wilson,@example.com,TAX-460519,9477 Oak Ave,de,49126,
191,Charles Wilson,charles.wilson@mail.com,,9477 Oak Ave,FR,49126,0000-00-00
191,C. Wilson,charles.wilson@@example.com,TAX-460519,9477 Oak Ave,FR,49126,2026-02-03
191,Charles Wilson,charles.wilson@mail.com,TAX-460519,9477 Oak Ave,FR,49126,20260302
227,Søren Williams,søren.williams@mail.com,TAX-900023,689 Main St,,75402,
227,søren williams,søren.williams@mail.com,???,689 Main St,,75402,2026-03-28
227,Søren Williams,søren.williams@mail.com,TAX-900023,689 Main St,FR,75402,0000-00-00
227,Søren Williams,søren.williams@mail.com,TAX-,689 Main St,FR,75402,2026
227,Søren Williams,søren.williams@mail.com,N/A,689 Main St,FR,75402,2026-05-06
394,Müller Gonzalez,müller.gonzalez@example.com,???,4493 Oak Ave,,51729,2026-03-24
394,Müller Gonzalez,müller.gonzalez@example.com,TAX-211694,4493 Oak Ave,CA,51729,02/26/2026
394,Müller-Gonzalez,müller.gonzalez@example.com,TAX-,4493 Oak Ave,CA,51729,20260207
394,MÜLLER GONZALEZ,müller.gonzalez@example.com,0000000000,4493 Oak Ave,CA,51729,06/02/2026
394,Müller Gonzalez,müller.gonzalez@example.com,,4493 Oak Ave,CA,51729,07/03/2026
510,Søren A.,søren.anderson@acme.com,TAX-247728,2350 Main St,IN,56943,07/13/2026
1154,Håkon O'Brien,håkon.obrien@example.com,TAX-776322,4307 Main St,DE,98316,20260310
1132,William-Gonzalez,william.gonzalez@acme.com,???,1011 Oak Ave,in,71730,20260403
1313,Mary O'Brien,@example.com,TAX-36591,307 Oak Ave,IN,80442,2026-07-01
103,Björn Smith,björn.smith@example.com,TAX-261365,664 Main St,,32349,2026
103,Björn Smith,björn.smith @example.com,,664 Main St,de,32349,20260612
103,Björn Smith,björn.smith@example.com,TAX-261365,664 Main St,BR,32349,06/01/2026
609,Müller Martinez,müller.martinez@acme.com,TAX-306384,6997 Oak Ave,XX,81126,2026
609,Müller Martinez,müller.martinez@acme.com,TAX-306384,6997 Oak Ave,AU,81126,20260420
609,müller martinez,müller.martinez@,TAX-306384,6997 Oak Ave,AU,81126,2026-01-16
609,Müller Martinez,,TAX-306384,6997 Oak Ave,AU,81126,
609,Müller Martinez,müller.martinez@acme.com,,6997 Oak Ave,AU,81126,2026
1203,Elizabeth Lopez,,0000000000,4717 Main St,FR,60911,20260415
643,Michael Smith,michael.smith@mail.com,TAX-315655,9777 Oak Ave,XX,75095,2026
776,Sarah Miller,not-an-email,TAX-301293,67 Main St,CA,24182,0000-00-00
1489,Nguyễn Lopez,nguyễn.lopez@example.com,???,5941 Oak Ave,US,49093,03/27/2026
1289,François Rodriguez,françois.rodriguez@mail.com,TAX-836535,6545 Main St,US,70394,not-a-date
838,Jessica Smith,@example.com,,3674 Main St,AU,69328,01/04/2026
1342,Zoë Johnson,@example.com,???,8129 Oak Ave, US,45440,2026
259,müller øst,müller.øst@globex.co,TAX-548715,1163 Oak Ave,UK,45943,2026-06-14
985,François Fürst,françois.fürst@example.com,TAX-132216,7391 Main St,,14926,20260321
633,William Moore,william.moore@mail.com,TAX-,9558 Main St,DE,12224,06/09/2026
773,  Elizabeth Øst  ,elizabeth.øst@example.com,TAX-874092,1880 Main St,BR,66410,2026
392,Patricia Garcia,patricia.garcia@mail.com,TAX-280328,2737 Oak Ave,BR,81750,not-a-date
959,François Fürst,françois.fürst@mail.com,N/A,1490 Main St,UK,35814,
959,FRANÇOIS FÜRST,,TAX-15734,1490 Main St,UK,35814,20260220
5,William Williams,william.williams@example.com,TAX-734335,8921 Main St,,74128,01/25/2026
398,Charles García,not-an-email,TAX-355255,3306 Main St,US,14753,20260319
18,Mary Brown,mary.brown@,TAX-49112,2510 Oak Ave,IN,35837,06/22/2026
1361,Karen Brown,karen.brown@mail.com,N/A,8101 Main St,DE,12966,20260121
204,Michael Lopez,michael.lopez@@example.com,0000000000,8896 Main St,DE,95445,2026
204,Michael Lopez,michael.lopez@globex.co,TAX-581983,8896 Main St,fr,95445,2026-01-11
532,Charles G.,charles.garcía@example.com,0000000000,2014 Main St,,13221,2026
924,Elizabeth Hernandez,elizabeth.hernandez@globex.co,TAX-35137,2474 Oak Ave,,53865,2026-03-27
729,MARY NGUYỄN,mary.nguyễn@acme.com,TAX-441226,3958 Oak Ave,XX,58980,06/08/2026
902,Sarah Williams,,TAX-879468,9825 Oak Ave,BR,76323,02/08/2026
508,elizabeth wilson,elizabeth.wilson@mail.com,TAX-739287,8144 Main St, BR,97623,05/18/2026
871,william taylor,william.taylor@mail.com,TAX-302620,9658 Oak Ave,CA,96857,20260418
35,linda johnson,linda.johnson@example.com,TAX-464538,7557 Oak Ave,BR,41431,0000-00-00
1356,joseph müller,joseph.müller@,TAX-198353,9211 Main St,AU,33189,02/15/2026
156,  Jessica Moore  ,jessica.moore@mail.com,N/A,5186 Oak Ave,,43259,03/15/2026
195,Barbara Taylor,,TAX-785367,5035 Oak Ave,,27494,01/15/2026
195,Barbara Taylor,@example.com,TAX-785367,5035 Oak Ave,FR,27494,0000-00-00
195,Barbara Taylor,barbara.taylor@mail.com,,5035 Oak Ave,us,27494,2026-04-18
195,barbara taylor,barbara.taylor@mail.com,TAX-785367,5035 Oak Ave,FR,27494,
195,Barbara T.,barbara.taylor@@example.com,TAX-785367,5035 Oak Ave,FR,27494,20260710
139,Jennifer Moore,not-an-email,0000000000,6319 Main St,AU,66813,03/06/2026
934,Elizabeth O'Brien,not-an-email,TAX-522633,6601 Main St,US,44246,2026-02-21
975,Sarah Johnson,sarah.johnson@acme.com,TAX-853769,8582 Oak Ave,DE,43540,20260513
1062,José Øst,josé.øst@,TAX-880898,2889 Main St,US,95649,20260714
608,John Williams,john.williams@example.com,???,8073 Oak Ave,BR,49740,2026
608,,john.williams@example.com,TAX-184822,8073 Oak Ave,BR,49740,2026
608,John Williams,john.williams@example.com,TAX-184822,8073 Oak Ave,BR,49740,2026-06-13
608,John Williams,john.williams@example.com,TAX-184822,8073 Oak Ave,BR,49740,
608,,john.williams@example.com,TAX-184822,8073 Oak Ave,uk,49740,2026-03-08
608,John Williams,john.williams@@example.com,TAX-184822,8073 Oak Ave,au,49740,04/02/2026
608,  John Williams  ,,,8073 Oak Ave,,49740,not-a-date
608,John Williams,john.williams@example.com,TAX-184822,8073 Oak Ave,,49740,20260705
303,Sarah Wilson,sarah.wilson@acme.com,???,8720 Oak Ave,BR,17567,20260311
968,Jennifer Øst,jennifer.øst@mail.com,TAX-599849,3458 Oak Ave,,17027,06/17/2026
1135,björn thomas,@example.com,0000000000,7863 Main St,,30924,20260220
433,Zoë Martin,zoë.martin@,TAX-826299,9450 Main St,,32007,2026-05-21
1099,Søren Øst,søren.øst@@example.com,TAX-844196,9655 Main St,DE,39363,0000-00-00
547,Linda Martin,@example.com,N/A,1625 Oak Ave,FR,12387,2026
1247,Renée Lopez,renée.lopez@globex.co,TAX-727971,4524 Main St,FR,87454,
458,Joseph	Williams,joseph.williams@mail.com,TAX-397624,6652 Main St,br,47386,not-a-date
172,François Van Der Berg,françois.van.der.berg@example.com,TAX-246606,1 Main St,BR,40091,20260728
172,françois van der berg,not-an-email,???,1 Main St,,40091,20260327
172,François Van Der Berg,,TAX-246606,1 Main St,BR,40091,20260710
559,Jennifer Williams,jennifer.williams@acme.com,TAX-143322,710 Main St,IN,28287,06/28/2026
559,J. Williams,jennifer.williams@,TAX-143322,710 Main St,,28287,20260405
559,Jennifer W.,jennifer.williams@acme.com,???,710 Main St,IN,28287,2026-07-17
559,Jennifer	Williams,jennifer.williams@acme.com,N/A,710 Main St,,28287,2026-07-20
559,jennifer williams,jennifer.williams@acme.com,TAX-143322,710 Main St,IN,28287,04/16/2026
559,Jennifer Williams,jennifer.williams@acme.com,TAX-143322,710 Main St,IN,28287,20260327
559,JENNIFER WILLIAMS,jennifer.williams@acme.com,TAX-143322,710 Main St,IN,28287,2026-02-09
559,Jennifer Williams,jennifer.williams@acme.com,TAX-143322,710 Main St,IN,28287,0000-00-00
96,John Smith,john.smith@mail.com,TAX-627140,9888 Oak Ave,US,34641,not-a-date
650,Sarah Martin,,TAX-472784,6881 Oak Ave,CA,75548,2026-05-01
650,Sarah Martin,not-an-email,TAX-472784,6881 Oak Ave,CA,75548,13/45/2026
1199,Zoë Müller,zoë.müller@globex.co,TAX-463372,1447 Oak Ave,IN,12077,2026
793,Robert Garcia,robert.garcia@mail.com,TAX-112016,2747 Oak Ave,BR,53847,not-a-date
793,Robert-Garcia,@example.com,TAX-112016,2747 Oak Ave,BR,53847,20260123
793,Robert Garcia,,TAX-112016,2747 Oak Ave,BR,53847,20260420
793,ROBERT GARCIA,robert.garcia @example.com,TAX-112016,2747 Oak Ave,BR,53847,2026-07-02
793,Robert Garcia,robert.garcia@mail.com,TAX-112016,2747 Oak Ave,BR,53847,
138,Renée Rodriguez,renée.rodriguez@acme.com,N/A,5383 Main St,CA,56836,20260308
570,John Taylor,john.taylor @example.com,TAX-794927,6075 Main St,,56974,2026
721,André Łukasz,andré.łukasz@@example.com,,9640 Oak Ave,FR,84829,not-a-date
1280,  James Martinez  ,james.martinez@acme.com,N/A,9511 Main St,UK,68527,
248,William García,william.garcía@example.com,TAX-813209,8460 Oak Ave,US,90359,20260512
248,William G.,@example.com,TAX-813209,8460 Oak Ave,US,90359,
248,William	García,william.garcía@example.com,TAX-813209,8460 Oak Ave,US,90359,02/27/2026
248,William García,william.garcía@example.com,TAX-,8460 Oak Ave,uk,90359,20260125
248,William	García,william.garcía@example.com,0000000000,8460 Oak Ave,US,90359,
1275,joseph johnson,,N/A,5083 Main St,BR,85096,20260216
1275,Joseph Johnson,joseph.johnson @example.com,TAX-,5083 Main St,br,85096,2026-06-10
1275,Joseph Johnson,joseph.johnson@,TAX-758018,5083 Main St,BR,85096,07/17/2026
443,Håkon	Williams,håkon.williams@mail.com,,8740 Main St,,88474,06/27/2026
443,Håkon Williams,,,8740 Main St,US,88474,20260126
443,Håkon Williams,håkon.williams@mail.com,TAX-129254,8740 Main St,US,88474,20260526
443,,,N/A,8740 Main St,XX,88474,20260301
443,Håkon W.,,,8740 Main St,US,88474,
49,Barbara	Nguyễn,barbara.nguyễn@mail.com,N/A,1465 Main St,,37869,not-a-date
1276,David Miller,,N/A,9910 Main St,FR,32639,
128,John Taylor,john.taylor@globex.co,N/A,6338 Oak Ave,BR,59019,07/17/2026
1007,Søren Łukasz,søren.łukasz@@example.com,TAX-733536,854 Oak Ave,AU,94326,
1007,Søren Łukasz,søren.łukasz@globex.co,TAX-733536,854 Oak Ave,,94326,2026-03-05
205,Susan Thomas,@example.com,TAX-374788,4711 Oak Ave,XX,74235,13/45/2026
1107,Jessica Williams,jessica.williams@,TAX-435370,3044 Main St,US,13703,20260116
1107,  Jessica Williams  ,jessica.williams@example.com,TAX-435370,3044 Main St,US,13703,2026-03-10
1107,JESSICA WILLIAMS,jessica.williams@,,3044 Main St,US,13703,20260428
447,David Brown,@example.com,TAX-,1286 Main St,XX,17138,05/23/2026
447,David Brown,david.brown@acme.com,,1286 Main St, CA,17138,2026
396,Zoë Jackson,zoë.jackson @example.com,TAX-177280,1335 Oak Ave,AU,34456,
1258,ROBERT BROWN,robert.brown@acme.com,N/A,3265 Main St,CA,26038,not-a-date
177,William Brown,william.brown@acme.com,TAX-254053,6792 Main St,DE,68432,2026-04-25
1035,William Fürst,william.fürst@mail.com,N/A,6206 Oak Ave,IN,14128,2026-06-01
1035,William Fürst,not-an-email,TAX-899939,6206 Oak Ave,IN,14128,07/06/2026
1035,William Fürst,william.fürst@mail.com,???,6206 Oak Ave,IN,14128,not-a-date
1035,William Fürst,william.fürst @example.com,TAX-899939,6206 Oak Ave,IN,14128,2026-02-06
1035,William Fürst,william.fürst@mail.com,TAX-899939,6206 Oak Ave,,14128,2026-01-11
1035,  William Fürst  ,william.fürst@mail.com,TAX-,6206 Oak Ave,IN,14128,2026
1035,William Fürst,,TAX-899939,6206 Oak Ave,,14128,13/45/2026
1035,,william.fürst@mail.com,TAX-,6206 Oak Ave,IN,14128,0000-00-00
903,charles o'brien,charles.obrien@mail.com,TAX-54923,3748 Main St,DE,26648,03/18/2026
443,John Łukasz,john.łukasz@example.com,TAX-,6753 Main St,FR,41025,2026-05-12
474,,renée.fürst@example.com,,1276 Oak Ave,,35864,not-a-date
474,Renée Fürst,,TAX-310616,1276 Oak Ave,DE,35864,13/45/2026
474,Renée-Fürst,renée.fürst@example.com,TAX-310616,1276 Oak Ave,DE,35864,20260315
474,Renée Fürst,,TAX-310616,1276 Oak Ave,,35864,20260514
474,Renée Fürst,renée.fürst@example.com,N/A,1276 Oak Ave, IN,35864,05/07/2026
474,Renée Fürst,@example.com,TAX-310616,1276 Oak Ave, IN,35864,2026-07-22
474,Renée Fürst,renée.fürst@example.com,TAX-310616,1276 Oak Ave,fr,35864,0000-00-00
474,Renée Fürst,renée.fürst @example.com,TAX-310616,1276 Oak Ave,DE,35864,20260303
736,Robert Moore,robert.moore@acme.com,,5111 Oak Ave,AU,86407,01/22/2026
736,R. Moore,robert.moore@acme.com,TAX-434470,5111 Oak Ave,AU,86407,07/21/2026
797,,@example.com,N/A,441 Main St,CA,38923,06/16/2026
313,HÅKON WILLIAMS,håkon.williams@mail.com,TAX-836810,9849 Main St,BR,34482,20260112
313,Håkon Williams,håkon.williams@mail.com,TAX-836810,9849 Main St,BR,34482,07/25/2026
313,Håkon W.,håkon.williams@mail.com,TAX-836810,9849 Main St,BR,34482,04/09/2026
581,Jessica	Müller,jessica.müller@mail.com,TAX-493109,7511 Main St,,66181,13/45/2026
581,Jessica M.,jessica.müller@mail.com,TAX-493109,7511 Main St,FR,66181,0000-00-00
581,,jessica.müller@mail.com,TAX-493109,7511 Main St,XX,66181,20260703
581,Jessica Müller,jessica.müller@mail.com,TAX-493109,7511 Main St,FR,66181,2026-03-05
581,Jessica Müller,jessica.müller@mail.com,TAX-493109,7511 Main St,ca,66181,
581,Jessica-Müller,jessica.müller@@example.com,TAX-493109,7511 Main St,,66181,20260527
581,JESSICA MÜLLER,jessica.müller@mail.com,TAX-493109,7511 Main St,FR,66181,
581,Jessica Müller,jessica.müller@mail.com,,7511 Main St,FR,66181,2026
1133,André Lopez,andré.lopez@mail.com,TAX-868875,5686 Oak Ave,,20760,0000-00-00
119,Nguyễn Wilson,,N/A,9152 Oak Ave,XX,84404,
211,  Jessica Wilson  ,jessica.wilson@acme.com,TAX-726529,5792 Oak Ave,US,63635,0000-00-00
211,Jessica Wilson,,N/A,5792 Oak Ave, IN,63635,2026-02-13
211,Jessica Wilson,jessica.wilson@@example.com,TAX-726529,5792 Oak Ave,US,63635,2026
211,Jessica Wilson,jessica.wilson@acme.com,TAX-726529,5792 Oak Ave,au,63635,0000-00-00
211,Jessica Wilson,jessica.wilson@acme.com,TAX-726529,5792 Oak Ave,US,63635,13/45/2026
211,  Jessica Wilson  ,,TAX-,5792 Oak Ave,US,63635,2026-05-22
211,Jessica Wilson,,N/A,5792 Oak Ave,,63635,2026-07-25
211,  Jessica Wilson  ,jessica.wilson@acme.com,,5792 Oak Ave,US,63635,03/03/2026
1308,Patricia Jones,patricia.jones@@example.com,TAX-908923,2495 Oak Ave,XX,27810,20260710
1224,Håkon Williams,håkon.williams@mail.com,,1410 Oak Ave, FR,37124,05/28/2026
1224,,håkon.williams@mail.com,TAX-180045,1410 Oak Ave,BR,37124,
1224,Håkon Williams,,TAX-180045,1410 Oak Ave,BR,37124,2026-05-07
1224,Håkon Williams,,TAX-180045,1410 Oak Ave, CA,37124,2026-04-21
1224,Håkon Williams,håkon.williams@mail.com,N/A,1410 Oak Ave,BR,37124,2026-06-17
1224,Håkon Williams,håkon.williams@mail.com,,1410 Oak Ave,BR,37124,05/26/2026
1224,Håkon Williams,håkon.williams@mail.com,TAX-180045,1410 Oak Ave,BR,37124,07/09/2026
1224,Håkon Williams,not-an-email,TAX-180045,1410 Oak Ave,BR,37124,07/15/2026
1188,elizabeth martinez,elizabeth.martinez@@example.com,0000000000,3667 Oak Ave,uk,65559,05/17/2026
1188,ELIZABETH MARTINEZ,elizabeth.martinez@mail.com,TAX-172185,3667 Oak Ave,IN,65559,06/07/2026
1188,Elizabeth Martinez,elizabeth.martinez@mail.com,TAX-,3667 Oak Ave,IN,65559,20260510
1188,Elizabeth Martinez,elizabeth.martinez @example.com,TAX-172185,3667 Oak Ave,,65559,20260422
1188,Elizabeth Martinez,elizabeth.martinez@mail.com,,3667 Oak Ave,IN,65559,20260228
1188,Elizabeth Martinez,elizabeth.martinez@mail.com,,3667 Oak Ave,IN,65559,02/14/2026
1188,Elizabeth Martinez,@example.com,TAX-172185,3667 Oak Ave,,65559,05/22/2026
1188,Elizabeth Martinez,elizabeth.martinez@mail.com,,3667 Oak Ave,IN,65559,2026-04-28
447,Müller Thomas,not-an-email,N/A,8591 Main St,UK,26499,not-a-date
505,Nguyễn Thomas,nguyễn.thomas@example.com,TAX-,6695 Main St,DE,74465,
505,Nguyễn Thomas,@example.com,TAX-,6695 Main St,DE,74465,13/45/2026
505,Nguyễn-Thomas,nguyễn.thomas@example.com,TAX-,6695 Main St,DE,74465,0000-00-00
123,Müller Martin,müller.martin@globex.co,TAX-206808,159 Oak Ave,US,48973,20260611
1274,Barbara Rodriguez,barbara.rodriguez@@example.com,TAX-176576,5566 Main St,BR,63126,0000-00-00
1274,Barbara Rodriguez,barbara.rodriguez@mail.com,???,5566 Main St, FR,63126,13/45/2026
1437,Thomas Moore,,???,1675 Oak Ave,,69147,2026-05-20
239,Renée Taylor,renée.taylor@example.com,TAX-,5088 Main St,,24306,06/02/2026
239,Renée-Taylor,renée.taylor@example.com,,5088 Main St, US,24306,2026-03-21
239,Renée Taylor,renée.taylor @example.com,TAX-662139,5088 Main St,uk,24306,20260413
1163,Joseph Łukasz,joseph.łukasz@globex.co,TAX-148056,1129 Main St,BR,68754,13/45/2026
227,Renée Anderson,renée.anderson@mail.com,TAX-577373,9966 Oak Ave,US,31542,04/09/2026
227,Renée Anderson,renée.anderson@mail.com,0000000000,9966 Oak Ave,US,31542,20260402
227,Renée Anderson,,TAX-577373,9966 Oak Ave,US,31542,2026-06-12
227,Renée Anderson,renée.anderson@mail.com,TAX-577373,9966 Oak Ave,US,31542,not-a-date
227,Renée Anderson,renée.anderson@mail.com,0000000000,9966 Oak Ave,US,31542,02/17/2026
227,Renée Anderson,renée.anderson@mail.com,,9966 Oak Ave, FR,31542,
227,Renée Anderson,renée.anderson@mail.com,TAX-577373,9966 Oak Ave,US,31542,02/20/2026
227,Renée Anderson,renée.anderson@mail.com,TAX-577373,9966 Oak Ave,ca,31542,2026-06-02
1462,,,TAX-848885,6742 Oak Ave,UK,14336,20260423
610,Linda Hernandez,,TAX-976993,792 Main St,IN,41698,2026-03-20
610,linda hernandez,linda.hernandez@@example.com,TAX-976993,792 Main St,XX,41698,0000-00-00
610,Linda Hernandez,@example.com,TAX-976993,792 Main St,IN,41698,2026-06-04
991,Elizabeth Nguyễn,,TAX-554164,8978 Oak Ave,US,58656,20260112
991,elizabeth nguyễn,elizabeth.nguyễn@example.com,TAX-554164,8978 Oak Ave,US,58656,not-a-date
991,Elizabeth Nguyễn,@example.com,TAX-554164,8978 Oak Ave,US,58656,not-a-date
991,Elizabeth Nguyễn,,N/A,8978 Oak Ave,US,58656,20260415
991,  Elizabeth Nguyễn  ,elizabeth.nguyễn@example.com,,8978 Oak Ave,,58656,01/26/2026
656,Patricia Williams,not-an-email,TAX-470548,6520 Oak Ave,ca,35448,2026-07-23
1339,Susan	Jackson,susan.jackson@example.com,,2890 Oak Ave,AU,64279,20260203
1124,,john.anderson@acme.com,,4216 Oak Ave,ca,43239,01/17/2026
296,Susan-Jones,susan.jones@acme.com,TAX-287592,8770 Main St,CA,96219,2026-05-21
297,Håkon-Thomas,håkon.thomas@example.com,,6172 Oak Ave, IN,24262,2026-07-23
1308,Zoë Wilson,zoë.wilson@example.com,TAX-715289,2959 Oak Ave,AU,60061,not-a-date
1308,Zoë Wilson,,???,2959 Oak Ave,AU,60061,
1308,Zoë Wilson,zoë.wilson@example.com,TAX-715289,2959 Oak Ave,XX,60061,
523,Renée Moore,renée.moore@globex.co,TAX-212018,608 Main St,CA,77302,20260316
192,Charles Brown,,,4482 Oak Ave,US,76720,2026-03-27
512,Michael O'Brien,michael.obrien@globex.co,TAX-895692,7044 Oak Ave,UK,28839,2026-04-09
306,Joseph Jones,@example.com,,6450 Oak Ave, DE,75151,2026-06-22
451,Müller Rodriguez,müller.rodriguez@acme.com,TAX-20047,5634 Main St,CA,47900,20260719
719,David Łukasz,david.łukasz@globex.co,,4786 Oak Ave,de,46618,
719,david łukasz,david.łukasz@globex.co,???,4786 Oak Ave, AU,46618,
1323,William Jackson,william.jackson@example.com,TAX-368713,3267 Oak Ave,UK,85234,0000-00-00
766,Zoë Wilson,,,8783 Main St,BR,49953,20260426
1032,  William Lopez  ,william.lopez@@example.com,TAX-,6839 Oak Ave,IN,39017,13/45/2026
1112,Mary Wilson,not-an-email,,5852 Main St, BR,36443,01/02/2026
518,Robert Moore,robert.moore@mail.com,N/A,4139 Main St,US,76142,13/45/2026
864,François Nguyễn,françois.nguyễn@acme.com,TAX-410129,9535 Oak Ave,,29097,0000-00-00
910,müller anderson,müller.anderson@mail.com,TAX-646736,3079 Main St,CA,59481,2026-01-27
1064,James	García,james.garcía@globex.co,TAX-439409,6124 Main St,FR,91638,05/22/2026
1085,Håkon Rodriguez,@example.com,,8505 Oak Ave,,88748,05/27/2026
1085,Håkon Rodriguez,håkon.rodriguez@,0000000000,8505 Oak Ave, US,88748,0000-00-00
1085,Håkon Rodriguez,håkon.rodriguez@@example.com,TAX-661186,8505 Oak Ave,,88748,2026-07-05
1085,Håkon Rodriguez,håkon.rodriguez@@example.com,TAX-661186,8505 Oak Ave,XX,88748,06/24/2026
1085,Håkon Rodriguez,håkon.rodriguez@example.com,TAX-661186,8505 Oak Ave,AU,88748,20260105
1085,Håkon Rodriguez,håkon.rodriguez@example.com,,8505 Oak Ave,,88748,
1085,Håkon Rodriguez,håkon.rodriguez@example.com,TAX-661186,8505 Oak Ave,AU,88748,13/45/2026
1085,Håkon Rodriguez,håkon.rodriguez@example.com,,8505 Oak Ave,XX,88748,
